,ic_h1,ic_h5,ic_h20
2020-03-25,0.4285714285714286,0.942857142857143,0.942857142857143
2020-03-27,-0.261904761904762,-0.5476190476190477,-0.7142857142857144
2020-04-08,-0.14285714285714288,-0.42857142857142866,-0.5714285714285715
2020-04-24,0.06993006993006995,-0.32867132867132864,-0.18881118881118883
2020-04-28,-0.08571428571428573,0.6,-0.7714285714285715
2020-05-06,0.4523809523809524,0.38095238095238104,-0.04761904761904763
2020-05-07,0.39285714285714296,0.25,0.21428571428571433
2020-05-13,-0.14285714285714288,0.4285714285714286,0.3142857142857143
2020-05-14,0.41818181818181827,-0.19090909090909092,0.1272727272727273
2020-05-18,0.034965034965034975,0.3916083916083916,0.17482517482517487
2020-05-19,0.6571428571428573,-0.5428571428571429,-0.7714285714285715
2020-05-22,-0.10714285714285716,-0.14285714285714288,0.14285714285714288
2020-05-27,-0.7999999999999999,-0.3,-0.09999999999999999
2020-05-28,-0.6571428571428573,0.6,-0.2
2020-05-29,-0.28571428571428575,-0.14285714285714288,-0.1785714285714286
2020-06-04,0.8999999999999998,-0.7,-0.7
2020-06-05,0.2606060606060606,0.7696969696969697,0.33333333333333326
2020-06-11,-0.4047619047619048,0.7380952380952381,0.5952380952380953
2020-06-23,0.7619047619047621,0.7380952380952381,0.2142857142857143
2020-06-24,0.5357142857142858,-0.03571428571428572,-0.07142857142857144
2020-06-29,0.1456140350877193,0.021052631578947368,0.18070175438596495
2020-06-30,-0.5,0.0,-0.21428571428571433
2020-07-02,0.04895104895104895,0.0,-0.3216783216783217
2020-07-06,0.8571428571428573,-0.3214285714285715,-0.1785714285714286
2020-07-07,-0.11904761904761905,0.5476190476190477,0.07142857142857144
2020-07-08,0.4175824175824176,0.03296703296703297,0.010989010989010988
2020-07-14,0.14285714285714288,0.3142857142857143,-0.028571428571428574
2020-07-15,-0.028571428571428574,0.6571428571428573,-0.48571428571428577
2020-07-16,-0.6190476190476191,-0.4285714285714286,0.1666666666666667
2020-07-20,-0.2517482517482518,-0.15384615384615385,-0.04195804195804196
2020-07-21,-0.3696969696969697,0.43030303030303024,0.38181818181818183
2020-07-22,-0.2606060606060606,-0.4666666666666666,-0.3939393939393939
2020-07-24,0.49999999999999994,-0.19999999999999998,-0.09999999999999999
2020-07-27,-0.48571428571428577,0.3714285714285715,0.942857142857143
2020-07-28,-0.2,-0.14285714285714288,-0.08571428571428573
2020-07-29,-0.3454545454545455,-0.5090909090909091,-0.3454545454545455
2020-07-30,-0.14285714285714288,-0.14285714285714288,0.03571428571428572
2020-08-03,-0.28571428571428564,-0.11785714285714284,0.1714285714285714
2020-08-04,-0.3571428571428572,0.07142857142857144,-0.5357142857142858
2020-08-05,-0.28571428571428575,0.10714285714285716,0.28571428571428575
2020-08-06,0.21428571428571433,0.0,0.10714285714285716
2020-08-07,-0.19047619047619052,-0.07142857142857144,0.04761904761904763
2020-08-11,0.028571428571428574,-0.028571428571428574,-0.2571428571428572
2020-08-13,0.009090909090909092,0.39090909090909093,0.17272727272727276
2020-08-18,-0.1785714285714286,-0.14285714285714288,-0.21428571428571433
2020-08-19,0.0,0.16666666666666669,0.3
2020-08-21,0.3,0.0,0.39999999999999997
2020-08-24,-0.09523809523809526,-0.523809523809524,-0.4285714285714286
2020-08-25,0.26373626373626374,0.3131868131868132,-0.6318681318681317
2020-08-28,0.6,-0.7999999999999999,-0.3
2020-08-31,0.48333333333333334,0.35,0.45
2020-09-02,0.6,-0.19999999999999998,-0.7
2020-09-03,0.17272727272727276,-0.09090909090909091,0.3090909090909091
2020-09-04,0.7999999999999999,0.0,-0.19999999999999998
2020-09-08,-0.19999999999999998,-0.10303030303030303,-0.23636363636363633
2020-09-09,0.3602941176470589,-0.17892156862745098,0.04656862745098039
2020-09-11,0.4047619047619048,-0.19047619047619052,0.6190476190476191
2020-09-14,0.4769230769230769,0.4681318681318682,0.2175824175824176
2020-09-15,-0.7333333333333334,-0.06666666666666667,-0.18333333333333335
2020-09-17,0.012254901960784315,-0.18382352941176472,-0.1985294117647059
2020-09-18,0.15882352941176472,0.05294117647058824,0.07352941176470588
2020-09-22,0.19999999999999998,0.8999999999999998,0.9999999999999999
2020-09-23,0.45454545454545453,0.08181818181818183,-0.20909090909090913
2020-09-24,0.2,0.08571428571428573,-0.2
2020-09-28,0.49999999999999994,0.19999999999999998,-0.8999999999999998
2020-09-29,0.09090909090909093,0.06293706293706294,0.20979020979020982
2020-09-30,0.2545454545454546,-0.07272727272727274,0.11818181818181818
2020-10-08,0.4285714285714286,0.6190476190476191,0.7619047619047621
2020-10-12,0.23013415892672856,-0.11455108359133126,-0.4303405572755417
2020-10-13,0.4000000000000001,0.45454545454545453,0.43636363636363645
2020-10-16,0.3214285714285715,0.5357142857142858,0.8571428571428573
2020-10-20,-0.43030303030303024,-0.18787878787878787,-0.05454545454545454
2020-10-21,-0.28571428571428575,0.2142857142857143,-0.4761904761904762
2020-10-26,-0.6,0.3,0.3
2020-10-27,-0.04895104895104895,-0.44055944055944063,-0.5804195804195805
2020-10-28,0.5714285714285715,0.6071428571428572,0.5357142857142858
2020-10-29,0.5166666666666667,0.09999999999999999,0.6333333333333333
2020-10-30,0.6848484848484848,0.24848484848484845,0.13939393939393938
2020-11-02,-0.15384615384615385,0.2937062937062937,0.44055944055944063
2020-11-04,-0.6785714285714287,-0.9285714285714288,-0.642857142857143
2020-11-09,-0.08333333333333334,-0.41666666666666663,-0.3666666666666667
2020-11-10,-0.28571428571428575,0.4523809523809524,0.4761904761904762
2020-11-11,0.19999999999999998,-0.6,-0.7999999999999999
2020-11-12,0.8999999999999998,0.19999999999999998,-0.09999999999999999
2020-11-16,-0.5181818181818182,-0.33636363636363636,-0.3272727272727273
2020-11-18,-0.7142857142857143,0.08571428571428573,-0.14285714285714288
2020-11-23,0.4285714285714286,0.6,-0.4285714285714286
2020-11-24,-0.6363636363636362,-0.4424242424242424,0.2121212121212121
2020-11-25,-0.03571428571428572,0.42857142857142866,0.3214285714285715
2020-11-30,-0.028571428571428574,-0.2,-0.4285714285714286
2020-12-01,0.3142857142857143,0.4285714285714286,0.6571428571428573
2020-12-03,-0.14285714285714288,-0.261904761904762,0.261904761904762
2020-12-07,-0.023809523809523815,-0.28571428571428575,-0.1666666666666667
2020-12-09,0.055944055944055944,-0.2517482517482518,-0.5244755244755246
2020-12-10,-0.09999999999999999,0.3,0.3
2020-12-14,-0.05454545454545456,-0.3272727272727273,-0.16363636363636366
2020-12-17,-0.28484848484848485,-0.5272727272727272,-0.2606060606060606
2020-12-18,-0.14285714285714288,0.0,-0.5714285714285715
2020-12-21,-0.49999999999999994,-0.7,-0.19999999999999998
2020-12-22,0.2380952380952381,0.5476190476190477,0.6904761904761906
2020-12-23,-0.39285714285714296,0.07142857142857144,0.10714285714285716
2020-12-28,0.6571428571428573,0.942857142857143,0.2
2020-12-29,-0.035714285714285705,0.08214285714285713,0.5214285714285714
2020-12-30,0.49999999999999994,0.39999999999999997,0.9999999999999999
2021-01-04,0.11188811188811189,0.14685314685314685,-0.08391608391608392
2021-01-06,0.40659340659340654,0.23626373626373626,0.07142857142857142
2021-01-07,-0.6,0.48571428571428577,0.028571428571428574
2021-01-08,-0.09184726522187822,-0.08152734778121776,-0.08565531475748193
2021-01-12,-0.06363636363636364,-0.22727272727272727,-0.33636363636363636
2021-01-13,0.10303030303030303,0.13939393939393938,0.13939393939393938
2021-01-14,0.13636363636363638,0.23636363636363636,0.27272727272727276
2021-01-15,0.19999999999999998,-0.0303030303030303,0.7333333333333332
2021-01-19,-0.10539215686274511,0.3357843137254902,-0.22549019607843138
2021-01-20,0.028571428571428574,-0.08571428571428573,-0.6
2021-01-22,0.07272727272727274,-0.33636363636363636,0.11818181818181818
2021-01-25,-0.18214285714285713,0.18214285714285713,0.28928571428571426
2021-01-26,0.4285714285714286,-0.8285714285714287,-0.7714285714285715
2021-01-28,0.07352941176470588,0.4147058823529412,0.2323529411764706
2021-01-29,-0.4787878787878787,-0.24848484848484845,0.1515151515151515
2021-02-01,-0.39999999999999997,-0.3,0.39999999999999997
2021-02-02,-0.2692307692307692,-0.13186813186813187,-0.5714285714285714
2021-02-03,0.3029411764705882,-0.2676470588235294,-0.7205882352941175
2021-02-04,-0.08181818181818183,-0.36363636363636365,-0.3727272727272728
2021-02-05,-0.5714285714285715,0.5952380952380953,0.4047619047619048
2021-02-08,0.25130434782608696,-0.13043478260869562,-0.3808695652173913
2021-02-09,0.24395604395604395,0.17362637362637365,-0.49890109890109896
2021-02-10,0.0007692307692307692,0.20230769230769227,0.08923076923076922
2021-02-11,-0.23829059829059826,-0.28136752136752136,-0.228034188034188
2021-02-12,-0.045454545454545456,-0.14545454545454548,-0.4727272727272727
2021-02-16,-0.1384615384615385,-0.221978021978022,-0.3494505494505495
2021-02-17,0.11923076923076922,-0.057692307692307696,-0.059230769230769226
2021-02-18,-0.38333333333333336,-0.3666666666666667,-0.5833333333333334
2021-02-19,-0.41785714285714276,-0.6035714285714285,-0.4428571428571427
2021-02-22,-0.25,-0.11071428571428568,-0.532142857142857
2021-02-23,-0.2821428571428571,-0.23928571428571427,-0.3178571428571428
2021-02-24,0.14912280701754385,0.17719298245614035,0.2
2021-02-25,0.031746031746031744,0.18883415435139572,0.3295019157088122
2021-02-26,-0.21400338791643145,-0.5008469791078487,-0.019762845849802372
2021-03-01,-0.12467532467532469,0.07402597402597402,0.14935064935064934
2021-03-02,-0.32436974789915957,-0.3689839572192513,0.009014514896867836
2021-03-03,-0.4491978609625669,-0.3783422459893048,-0.02840909090909091
2021-03-04,0.02032085561497326,-0.2932009167303285,-0.1825821237585943
2021-03-05,-0.2941295546558705,-0.23522267206477734,-0.10121457489878542
2021-03-08,0.24260869565217388,-0.040869565217391296,0.23565217391304347
2021-03-09,0.07746371275783039,-0.10527119938884644,0.08693659281894575
2021-03-10,0.056073338426279595,0.027654698242933536,-0.15202444614209318
2021-03-11,0.029691876750700282,0.016526610644257703,0.08627450980392158
2021-03-12,-0.027713625888798527,0.11644584912924993,-0.005834447555536532
2021-03-15,0.3445918367346938,0.2970408163265306,0.2740816326530612
2021-03-16,0.21923076923076926,0.14615384615384616,0.07854251012145749
2021-03-17,-0.13470250679553006,-0.14527333131984294,0.0045303533675626695
2021-03-18,-0.1696345975948196,0.16500925069380204,-0.1574930619796485
2021-03-19,-0.015294117647058821,-0.026244343891402712,-0.07610859728506786
2021-03-22,-0.2745143385753932,-0.10141073080481036,-0.23728029602220166
2021-03-23,-0.03954458898752538,-0.030711883660393687,0.13881123142547333
2021-03-24,0.20550038197097018,0.012987012987012986,-0.3555385790679908
2021-03-25,0.25418367346938775,-0.04775510204081633,-0.10857142857142855
2021-03-26,0.039372822299651576,0.02369337979094077,-0.24146341463414636
2021-03-29,0.08063348416289592,0.2438914027149321,0.3409049773755656
2021-03-30,0.1642857142857143,0.04181184668989548,0.02857142857142858
2021-03-31,0.2730188097440641,0.20468701819303114,0.1839654640764724
2021-04-01,0.02183939983328703,0.20222283967768828,0.06490691858849681
2021-04-05,-0.043151969981238276,0.28855534709193253,0.24240150093808632
2021-04-06,-0.1514329135909683,0.16293964394268348,0.030829353017802867
2021-04-07,-0.06116642958748222,0.000547105810263705,-0.014771856877120034
2021-04-08,0.18069062720225512,0.08513037350246652,0.1226215644820296
2021-04-09,0.24041075203865903,0.1427061310782241,0.3388704318936877
2021-04-12,0.2838106370543542,0.12180011689070719,-0.10035067212156634
2021-04-13,0.010888976011025724,0.21377237704845703,0.0479986062566014
2021-04-14,0.20020964360586999,0.03701015965166908,0.25334623447830995
2021-04-15,0.1531160663236135,0.2800457404230988,-0.12704402515723268
2021-04-16,0.20629047178538393,-0.00030835646006783845,0.3158186864014801
2021-04-19,0.10180014919317973,-0.019432741350935694,0.12341000264567252
2021-04-20,-0.05289304500292228,-0.08275862068965517,-0.030566919929865582
2021-04-21,0.1961610630902212,0.006305946045710419,-0.13876157371804732
2021-04-22,-0.07791053070297306,0.048791330925257025,0.08757988330091694
2021-04-23,0.182196203150643,0.21962028812212647,0.22531049987217655
2021-04-26,-0.10225792444637428,-0.0377768128528007,0.040924880590534084
2021-04-27,0.16706982744718593,0.037655216900499916,0.16811804547653605
2021-04-28,0.20057414822089598,-0.1227619551257838,-0.09934275137871118
2021-04-29,0.05738396624472574,-0.2779418659165495,-0.266924519456165
2021-04-30,-0.10389140271493212,-0.033936651583710405,-0.10018099547511312
2021-05-03,-0.17675870348139258,0.11673469387755102,0.13939975990396156
2021-05-04,-0.08594762768991444,0.007129893699766659,-0.050946331345605396
2021-05-05,0.2679406547331076,0.07176261893243024,0.24479922593130138
2021-05-06,0.08733031674208144,0.17773755656108597,0.04063348416289593
2021-05-07,0.24033771106941842,-0.006378986866791747,0.05647279549718576
2021-05-10,0.33623481781376524,-0.011133603238866398,-0.06093117408906883
2021-05-11,-0.05680888369374635,-0.05137346580946815,-0.12390414962010522
2021-05-12,-0.20994355188884062,-0.350412505427703,-0.2772470690403821
2021-05-13,0.08475948196114709,0.36077705827937095,0.3495605920444034
2021-05-14,-0.13040816326530613,-0.02061224489795918,-0.04806122448979591
2021-05-17,-0.06317204301075269,-0.17012288786482332,-0.17060291858678955
2021-05-18,0.22504434768585713,-0.05894210611191743,0.03612320593452669
2021-05-19,0.04612159329140461,-0.08651830349943557,0.12175455571681985
2021-05-20,0.36029092488059045,-0.06980026052974381,-0.08836300477637862
2021-05-21,-0.22591093117408909,-0.209919028340081,-0.0694331983805668
2021-05-24,-0.10303643724696357,0.1763157894736842,0.15789473684210525
2021-05-25,0.02714097496706192,0.33043478260869563,0.1300395256916996
2021-05-26,0.019042988549320624,-0.0847615575429335,-0.0958632146972183
2021-05-27,-0.037457279562542724,-0.080041011619959,0.014422419685577581
2021-05-28,0.0832695043221359,0.35747893642630485,0.09749425538899222
2021-06-01,0.04228329809725158,-0.05783751132588342,0.004681365146481425
2021-06-02,0.11107715813598167,0.07776928953399541,0.11627196333078686
2021-06-03,-0.068983268983269,-0.36911196911196914,-0.2738738738738739
2021-06-04,-0.03982202447163515,0.22803114571746386,0.17864293659621802
2021-06-07,0.02505744611007769,-0.31261625998468107,-0.2143560564613196
2021-06-08,0.09571655208884189,-0.1721689204502531,-0.19498375764901413
2021-06-09,0.21048411964230648,0.1456059204440333,0.15325316065371566
2021-06-10,-0.0032579185520361987,0.09457013574660635,-0.015565610859728506
2021-06-11,0.016108961745338858,-0.04199190027998444,0.2167922351739283
2021-06-14,-0.04942084942084943,-0.07078507078507079,-0.1603603603603604
2021-06-15,0.12093740363860624,0.12858464384828863,-0.04779525131051495
2021-06-16,-0.13474277660324172,-0.08019732205778717,-0.0525722339675828
2021-06-17,-0.07231715652768285,0.06951469583048529,0.2664388243335612
2021-06-18,-0.2187617260787993,-0.1382739212007505,-0.06060037523452158
2021-06-21,0.1188405797101449,0.28893280632411067,0.1152832674571805
2021-06-22,-0.05312217194570135,0.07529411764705882,0.24497737556561083
2021-06-23,0.03226968235461597,0.10300367358727863,-0.06103387838201918
2021-06-24,-0.11255344673782645,0.03768187271217202,0.19899104863268635
2021-06-25,-0.25662426059476545,-0.2271290819220485,-0.05388542257515598
2021-06-28,0.13912973016773358,0.03460011344299489,0.15663236366582936
2021-06-29,0.16948979591836733,0.030612244897959183,0.04040816326530612
2021-06-30,0.11040843214756257,-0.09407114624505929,-0.28524374176548084
2021-07-01,0.016287172838505795,0.15193258244874808,0.09342840936715015
2021-07-02,-0.3647058823529411,-0.21558441558441557,-0.06829640947288004
2021-07-06,0.16495601173020527,0.18145161290322578,-0.033357771260997066
2021-07-07,0.3918992884510125,0.30268199233716475,0.12753147235905857
2021-07-08,-0.1734625668449198,0.039104278074866314,-0.03810160427807487
2021-07-09,-0.3092436974789916,-0.08067226890756303,-0.39215686274509814
2021-07-12,0.0905642484589853,-0.12446657183499286,0.017543859649122806
2021-07-13,0.06482213438735178,-0.25942028985507243,-0.4552042160737813
2021-07-14,0.2545174221399938,0.23996299722479184,0.32075238976256554
2021-07-15,-0.06308973172987974,0.08726487819919827,-0.043478260869565216
2021-07-16,0.01096396005210595,-0.3352149370386453,-0.10714285714285714
2021-07-19,-0.17899683980228506,-0.2898468519568917,-0.08062555708613565
2021-07-20,0.19630895420369107,0.07819548872180451,-0.028639781271360222
2021-07-21,0.15323377862347026,0.03782729269056208,0.11734859022923212
2021-07-22,0.059237319511292116,0.08811551277304704,0.06472911267431816
2021-07-23,-0.17578397212543556,-0.04599303135888502,-0.06724738675958189
2021-07-26,-0.026779422128259334,-0.034249471458773786,-0.056800563777307966
2021-07-27,-0.10830752184533253,-0.11329354586890283,0.027977134798922217
2021-07-28,0.2959672706019872,0.2410286382232613,0.05213325540619521
2021-07-29,0.13642678521811616,0.120477910530703,-0.022061683801055852
2021-07-30,0.05505226480836238,0.21672473867595826,-0.02979094076655053
2021-08-02,-0.06069227121858701,-0.13489805595068752,-0.07064959696538642
2021-08-03,0.058727490996398554,0.11884753901560624,-0.041152460984393756
2021-08-04,-0.056620209059233456,-0.04703832752613241,0.17299651567944258
2021-08-05,-0.23020408163265305,-0.13448979591836732,0.12346938775510204
2021-08-06,0.2453441295546559,0.21032388663967613,0.47145748987854247
2021-08-09,0.0186411149825784,-0.064808362369338,-0.20470383275261325
2021-08-10,-0.05243128964059196,0.13150105708245244,-0.13347427766032416
2021-08-11,-0.08073593073593076,-0.06601731601731603,-0.27243867243867254
2021-08-12,0.14195107218363032,0.011778918755662941,0.159468438538206
2021-08-13,-0.120550038197097,0.013598166539343011,0.14682964094728798
2021-08-16,0.23909502262443438,0.0730316742081448,0.19583710407239818
2021-08-17,-0.001539583502147314,-0.038813710396240174,-0.12746130783566972
2021-08-18,-0.06823529411764705,-0.16561085972850678,-0.062171945701357464
2021-08-19,0.15436324390995992,-0.14893617021276595,-0.2939870490286771
2021-08-20,-0.11384783798576902,-0.08593322386425835,-0.07115489874110564
2021-08-23,0.03500643500643501,-0.054826254826254826,0.005405405405405406
2021-08-24,0.11531436755128598,0.10806545879602573,0.07504383401519579
2021-08-25,-0.16862745098039217,-0.1495798319327731,-0.3252100840336135
2021-08-26,0.1405775075987842,0.1435084672166739,-0.2996092053842814
2021-08-27,0.20836236933797914,0.225609756097561,-0.2149825783972126
2021-08-30,-0.19728635518109205,0.0285589232957654,-0.37148484516905567
2021-08-31,-0.0008097165991902834,0.03016194331983806,-0.23097165991902832
2021-09-01,0.10021141649048626,-0.020859760394644114,-0.055391120507399576
2021-09-02,0.3506359990230035,0.1801322367360103,-0.05749072730204805
2021-09-03,-0.1371849931123896,-0.07608783729033304,-0.055181913945385304
2021-09-07,0.08935870331219167,0.03241719520789288,0.2952783650458069
2021-09-08,0.16300409117475162,0.16358854471069553,-0.14488603156049096
2021-09-09,0.07378129117259552,-0.07786561264822134,-0.4333333333333333
2021-09-10,0.06176381757777106,-0.1632437330111749,-0.03835699184536394
2021-09-13,0.020792316926770707,0.14208883553421367,0.06996398559423768
2021-09-14,0.18940493468795355,0.08595387840670858,-0.22117400419287211
2021-09-15,0.28342202870504757,0.04587969682309305,-0.24560554749233995
2021-09-16,-0.10985485103132162,-0.14866310160427806,-0.12360580595874712
2021-09-17,0.07207634414890059,-0.31640092521943364,-0.3169936583127634
2021-09-20,-0.04039469626888683,-0.04397163120567376,0.03669441874807278
2021-09-21,-0.0007305775947243156,0.10309911016749541,0.2236151901932185
2021-09-22,-0.10344827586206898,0.06818771065595022,0.1437645838734768
2021-09-23,0.2053781512605042,0.16542617046818728,0.029435774309723887
2021-09-24,-0.2616724738675959,-0.2667247386759582,-0.19059233449477356
2021-09-27,0.3053666445392773,0.2714587737843551,0.3620859760394644
2021-09-28,0.39993832870798646,0.0030218933086648163,0.005365402405180388
2021-09-29,0.019958988380041013,-0.1443609022556391,-0.1524265208475735
2021-09-30,-0.05325330132052821,-0.02914765906362545,0.14016806722689074
2021-10-01,-0.2770426022368308,0.16315205327413984,0.3769316144454879
2021-10-04,0.19357142857142856,0.30632653061224485,0.1914285714285714
2021-10-05,0.0052149400986610285,0.05059901338971106,0.1095137420718816
2021-10-06,0.2401440576230492,0.04710684273709483,0.02127250900360144
2021-10-07,-0.12717636420664036,-0.03837040259411867,0.060852344925517554
2021-10-08,0.19583710407239818,0.08271493212669684,0.20552036199095022
2021-10-11,-0.11929930534581698,-0.058592570220477196,-0.006795530051344006
2021-10-12,0.09951090467255223,-0.07564059183610693,0.0315297302285521
2021-10-13,0.016814764183185237,-0.08913192071086808,-0.13116883116883118
2021-10-14,0.03983228511530398,-0.2391549750040316,-0.31478793742944683
2021-10-15,-0.03132161955691367,-0.06096256684491979,-0.26019862490450724
2021-10-18,-0.08000434216239687,-0.04884932696482848,-0.08901432913590969
2021-10-19,0.15997712978845052,-0.036401753382885454,0.1443491518963217
2021-10-20,0.0360613810741688,0.08666423090975521,0.018231640482279873
2021-10-21,0.08702959444647426,0.05875045670442091,-0.02528315674095725
2021-10-22,0.013760243948923192,-0.13878406708595384,-0.3000952925481227
2021-10-25,-0.19062413485496324,0.0469100864376019,-0.1801039712079732
2021-10-26,0.18517387487116846,0.1029888918578463,0.1593312211321907
2021-10-27,0.22751187431494344,0.3264888564121301,0.11278772378516627
2021-10-28,0.3439097479287855,0.24444108685250937,-0.03130115081463574
2021-10-29,-0.09721254355400699,-0.14773519163763071,0.039895470383275275
2021-11-01,0.029489795918367343,0.06153061224489796,0.15132653061224488
2021-11-02,0.10105311355311355,0.09226190476190474,-0.02216117216117216
2021-11-03,0.011836734693877549,-0.04479591836734693,-0.15265306122448977
2021-11-04,-0.10947737549601651,-0.05195484327417023,-0.16816881478975054
2021-11-05,-0.002635046113306983,0.001976284584980237,-0.2656126482213439
2021-11-08,0.27489795918367343,-0.029387755102040815,0.23448979591836733
2021-11-09,-0.22917505030181085,-0.09855801475519786,-0.148692152917505
2021-11-10,0.2655561317085818,0.13410681877106562,0.06053927923256417
2021-11-11,-0.33193277310924374,-0.13613445378151262,-0.03361344537815126
2021-11-12,0.022880049337033612,-0.10144927536231885,-0.04841196423065063
2021-11-15,0.09733391608391607,0.05358391608391609,-0.16368006993006992
2021-11-16,0.09678538390379278,0.11482423681776134,0.09944495837187789
2021-11-17,0.3070869429078385,0.08527293601920469,0.0436071391295272
2021-11-18,0.44326816357892934,0.24767352514300348,-0.04285836250320157
2021-11-19,0.07422969187675071,0.028011204481792715,0.3263305322128852
2021-11-22,-0.23303721488595439,0.07217286914765905,-0.0751500600240096
2021-11-23,0.12457868809955924,0.10688358828104745,0.05315011667098782
2021-11-24,0.27717770034843214,0.02909407665505227,-0.04128919860627179
2021-11-26,-0.020168067226890758,0.02913165266106443,-0.36918767507002803
2021-11-29,-0.059384164222873896,-0.3317448680351906,0.06671554252199413
2021-11-30,0.31567520625271384,-0.027247069040382106,-0.10898827616152842
2021-12-01,0.06209489240342236,-0.06209489240342236,-0.08918848846253566
2021-12-02,0.13449443638122882,-0.1685212062570553,-0.0715207224641187
2021-12-03,-0.3395348837209302,-0.2931642001409443,-0.08329809725158561
2021-12-06,-0.006012950971322849,0.26167900092506935,-0.3364939870490287
2021-12-07,0.041890604154755096,0.038460072422336566,0.1573089384410139
2021-12-08,0.09280355654348432,0.22556265629341488,0.03695470964156711
2021-12-09,0.2553656869446343,0.21551606288448394,0.09514695830485305
2021-12-10,-0.17136910268270122,-0.16616558741905643,-0.04660037002775208
2021-12-13,-0.0999103813548081,-0.09349252699694717,-0.16090890700835125
2021-12-14,0.05004578754578754,0.04945054945054945,-0.01735347985347985
2021-12-15,0.11551020408163264,-0.13826530612244894,-0.3473469387755101
2021-12-16,-0.07609133059224914,-0.11962208030793456,-0.09883649724433557
2021-12-17,-0.32566242605947654,-0.04205493882181347,-0.017907787051292444
2021-12-20,-0.025910931174089068,-0.032995951417004045,-0.3991902834008097
2021-12-21,0.027936219859994817,-0.03778843660876329,-0.09281825252787142
2021-12-22,0.0600790513833992,0.037022397891963106,-0.012648221343873516
2021-12-23,-0.17828354670459934,-0.20222854433380746,0.024182076813655758
2021-12-27,-0.22841864018334607,-0.33139801375095496,-0.3760122230710466
2021-12-28,-0.07541713014460512,-0.05406006674082313,-0.39265850945494996
2021-12-29,0.2844932844932845,-0.115995115995116,-0.10317460317460315
2021-12-30,-0.13785425101214574,-0.09089068825910933,-0.09615384615384617
2021-12-31,-0.12384615384615384,-0.40923076923076923,-0.4176923076923077
2022-01-03,-0.18031358885017423,-0.010801393728222999,-0.08170731707317076
2022-01-04,-0.11159357359965262,0.003690838037342596,-0.004233608336951802
2022-01-05,0.025470243601603455,-0.11341350601295097,-0.2409497378970089
2022-01-06,-0.15759933314809674,-0.2607390941928314,-0.24429008057793833
2022-01-07,0.14253302001458554,-0.03719309618345353,0.0070496718256219115
2022-01-10,-0.07095022624434388,0.18850678733031676,-0.01502262443438914
2022-01-11,-0.010095527572731218,-0.11376465479808943,-0.2754016500217108
2022-01-12,-0.159468438538206,-0.2852612503775295,-0.19646632437330114
2022-01-13,0.059271964932342276,-0.056375071469411085,-0.23453401943967978
2022-01-14,0.0009391274652095962,-0.16221292580893024,-0.14505250576282763
2022-01-18,0.3047112462006079,-0.1622883195831524,-0.19919669995657838
2022-01-19,0.18804945054945052,0.15215201465201464,-0.07573260073260073
2022-01-20,0.35880756644584566,0.3068481123792801,0.10862798307925614
2022-01-21,0.10060728744939271,0.32712550607287455,-0.04979757085020243
2022-01-24,0.3303135888501743,0.11742160278745647,0.39024390243902446
2022-01-25,0.17733990147783252,0.11453201970443351,-0.005379828882551205
2022-01-26,0.19301956636700157,0.03833950290851401,0.11702802749867794
2022-01-27,0.3719534598897734,0.29797917942437235,-0.047782346251421574
2022-01-28,-0.20981240981240984,-0.15555555555555559,-0.015873015873015872
2022-01-31,0.022529644268774702,-0.06534914361001318,0.1346508563899868
2022-02-01,0.18966021191085133,-0.06130800146145415,0.16857873584216299
2022-02-02,0.07493212669683257,0.11710407239819003,0.07619909502262442
2022-02-03,0.054042516861606764,-0.011013403910185264,0.11235379492871168
2022-02-04,-0.22265858447878425,-0.23401348928540935,-0.01536754033979339
2022-02-07,0.12081686429512514,0.12213438735177864,-0.16310935441370222
2022-02-08,0.08395004625346902,-0.15587419056429233,-0.13633209990749307
2022-02-09,-0.3953421368547419,-0.38967587034813916,-0.011380552220888355
2022-02-10,-0.0068300179287970626,0.1934602578331768,0.0902416118842312
2022-02-11,-0.05960591133004924,-0.026600985221674867,0.3241379310344827
2022-02-14,0.18499278499278504,0.04675324675324676,0.1837662337662338
2022-02-15,0.1350412505427703,-0.23447676943117673,-0.16956144159791572
2022-02-16,0.168975468975469,0.346897546897547,0.15151515151515155
2022-02-17,0.17250874125874127,0.12377622377622377,-0.07604895104895104
2022-02-18,0.006483439041578575,0.22593375616631428,0.20902043692741368
2022-02-22,-0.14769433465085638,-0.0748353096179183,-0.045322793148880096
2022-02-23,0.13911164465786313,0.1398799519807923,0.24369747899159666
2022-02-24,-0.08564894225271584,-0.04509243377167905,0.0035448827901658083
2022-02-25,0.40766129032258075,0.14153225806451614,0.1459677419354839
2022-02-28,0.2291565876471537,0.16465086276407032,0.1500564425092727
2022-03-01,-0.018668532936750942,0.2542384743242061,0.05233137958183886
2022-03-02,0.2101161995898838,0.2307587149692413,0.06896787423103212
2022-03-03,0.04968287526427061,0.055421322863183325,-0.28450619148293566
2022-03-04,0.22044831478793744,-0.23947750362844702,-0.04668601838413158
2022-03-07,-0.13306982872200263,-0.008959156785243741,-0.19525691699604739
2022-03-08,0.05723854851300648,0.2356777719019919,0.09405454408098511
2022-03-09,-0.11948830298909621,0.07411044798670395,-0.015184709526327717
2022-03-10,-0.19894798363530103,-0.10426651081239043,-0.0690824079485681
2022-03-11,0.04433380749170222,-0.056424845898530106,0.16145092460881932
2022-03-14,0.17054263565891473,0.2190274841437632,-0.029739252995066946
2022-03-15,-0.05240108728480822,0.26849894291754756,0.15312594382361824
2022-03-16,0.017346938775510204,0.0951020408163265,0.028061224489795915
2022-03-17,-0.08637835337650324,-0.1364477335800185,0.4328168362627197
2022-03-18,-0.14071146245059288,-0.20447957839262185,-0.2719367588932806
2022-03-21,-0.12700348432055752,-0.0677700348432056,0.1266550522648084
2022-03-22,0.03354320451584889,0.1980026052974381,-0.14937038645245332
2022-03-23,0.06463304137722742,-0.02552099063726971,0.04379341588643914
2022-03-24,-0.2848229478972531,0.10817599870350864,-0.24122842557329227
2022-03-25,-0.07461538461538461,-0.28384615384615386,-0.3353846153846154
2022-03-28,0.2912364945978392,-0.14804321728691477,-0.1499639855942377
2022-03-29,-0.03407364114552894,0.06884862653419054,0.043074225599064875
2022-03-30,0.15614399824926142,-0.2106357369515264,-0.25921873290294345
2022-03-31,0.06583859365019112,0.19701803213259939,0.0020362451644389008
2022-04-01,-0.029032258064516134,0.018548387096774192,0.10685483870967745
2022-04-04,-0.16369747899159662,-0.1512124849939976,-0.06362545018007203
2022-04-05,-0.0694745983499783,0.030178028658271818,0.18617021276595744
2022-04-06,-0.31092318534179003,-0.10838618745595488,-0.2656800563777308
2022-04-07,-0.0681159420289855,-0.11765480895915678,-0.3001317523056653
2022-04-08,-0.29222126663265535,-0.06214889425439916,-0.11053190965114641
2022-04-11,-0.009246088193456613,0.0476529160739687,-0.09767662399241346
2022-04-12,-0.23283302063789874,-0.03283302063789869,-0.04446529080675423
2022-04-13,0.16603794073474293,-0.005644964313963147,0.07984367794076719
2022-04-14,-0.026334980957783,-0.10525889312049268,-0.1253545093590471
2022-04-18,0.15844155844155844,0.2430863254392666,-0.173414820473644
2022-04-19,0.3485870400409801,-0.02629556902586869,0.020319303338171262
2022-04-20,-0.16546407647240208,-0.06629663891458526,0.033364168979340116
2022-04-21,-0.24091174751607253,0.08614845119812975,-0.14313267095265927
2022-04-22,0.1710919491163664,0.013574660633484163,0.14360112695295824
2022-04-25,-0.030808080808080812,0.08362193362193364,0.07720057720057721
2022-04-26,0.33020104895104896,0.18924825174825174,0.07246503496503497
2022-04-27,0.042734092803556556,0.0170602945262573,0.04090025006946375
2022-04-28,-0.06962806275339327,-0.026214399033013522,0.02979023444385687
2022-04-29,0.289412978096649,0.3846174723917582,0.2728580346758917
2022-05-02,-0.006566604127579738,0.15121951219512195,0.18499061913696063
2022-05-03,0.08678884363815872,-0.07472541034184871,-0.03304331728989264
2022-05-04,0.1275441628264209,0.1417530721966206,0.25580837173579113
2022-05-05,0.32180451127819554,0.3559808612440192,0.2845522898154477
2022-05-06,0.12510121457489878,-0.033198380566801626,-0.07226720647773278
2022-05-09,0.013414634146341465,0.1461672473867596,0.02264808362369338
2022-05-10,0.0007779938871908864,0.024840233398166163,-0.08196721311475412
2022-05-11,-0.34622448979591836,-0.4194897959183673,-0.07479591836734693
2022-05-12,0.11135522664199816,0.07897779833487512,-0.025786308973172987
2022-05-13,0.02012025901942646,0.19958371877890843,0.0311054579093432
2022-05-16,-0.10259122157588577,0.10095187731359068,0.09894235854045477
2022-05-17,0.25785714285714284,0.19367346938775507,0.006122448979591837
2022-05-18,0.19192350379919748,0.2621019380175873,0.1002305131050969
2022-05-19,-0.015186615186615189,-0.10501930501930504,-0.08725868725868725
2022-05-20,-0.26315140302189327,-0.20752389762565526,-0.22528522972556275
2022-05-23,0.23697478991596638,-0.09310924369747899,0.04336134453781513
2022-05-24,-0.177719087635054,-0.2506122448979592,0.039135654261704685
2022-05-25,0.0822184105202973,0.24116638078902228,0.2739470173432437
2022-05-26,0.10755102040816325,0.2808163265306122,-0.10836734693877549
2022-05-27,0.20587044534412957,0.11336032388663969,0.0016194331983805667
2022-05-31,0.10471605208447313,0.063792537476748,0.1027464711675238
2022-06-01,0.036148501953973074,0.11930091185410333,0.22003907946157186
2022-06-02,-0.002677942212825934,-0.14390415785764624,-0.07315010570824523
2022-06-03,-0.0732407127755965,0.14572636665659922,0.28405315614617943
2022-06-06,-0.19536679536679535,-0.3642213642213643,-0.19021879021879023
2022-06-07,0.042784992784992794,0.05194805194805196,-0.10194805194805197
2022-06-08,0.173604687018193,0.010669133518347208,-0.13919210607462226
2022-06-09,0.02455230532371769,0.025686735272668345,8.103071063933231e-05
2022-06-10,0.02908622908622909,-0.3371943371943372,-0.24633204633204633
2022-06-13,0.0031162621936192854,0.1769012401418948,0.3649441848390585
2022-06-14,-0.1543340380549683,-0.09330514446793516,-0.04411557434813248
2022-06-15,0.07475083056478406,-0.2526427061310782,-0.008909694956206584
2022-06-16,-0.3317889317889318,-0.4566280566280566,-0.3776061776061776
2022-06-17,-0.1586206896551724,0.21379310344827587,0.13192436040044492
2022-06-21,-0.011583710407239817,0.10190045248868777,-0.05357466063348416
2022-06-22,0.063945420906568,0.10915818686401481,0.29521276595744683
2022-06-23,0.08143847766489275,0.040719238832446374,0.022738268021286888
2022-06-24,-0.13470919324577862,0.1330206378986867,-0.02288930581613509
2022-06-27,0.3814258911819888,0.09887429643527205,0.07542213883677298
2022-06-28,-0.06468643199029418,-0.19355914314621533,-0.20761899477297172
2022-06-29,-0.1608464384828862,-0.030411655874190566,0.034227567067530065
2022-06-30,0.047895500725689405,-0.03765047383249381,0.12396482540766669
2022-07-01,-0.3775910364145659,-0.2028011204481793,-0.19551820728291314
2022-07-05,-0.14577424844015885,-0.16392512762336925,-0.13280933473786566
2022-07-06,-0.07661290322580645,-0.2548387096774194,0.18266129032258066
2022-07-07,0.05307585568917669,0.18432007400555042,-0.08522201665124884
2022-07-08,-0.03886152162014231,-0.13628899835796388,-0.07389162561576354
2022-07-11,0.09782608695652174,-0.03853754940711463,0.012845849802371542
2022-07-12,-0.12833795868023434,-0.18914585260561206,-0.2611779216774591
2022-07-13,-0.03605866623450288,-0.2499797423223402,-0.2644032088161413
2022-07-14,-0.2562825983878615,0.10052157420578473,0.05547652916073968
2022-07-15,0.06383689839572193,0.09324866310160429,0.14237967914438504
2022-07-18,0.10490286771507863,0.18408880666049954,-0.10107924761023743
2022-07-19,-0.06533101045296168,-0.25871080139372826,-0.1461672473867596
2022-07-20,0.3347055460263007,0.40789022298456257,0.21311225462168856
2022-07-21,0.14276556776556773,0.2642399267399267,0.41382783882783875
2022-07-22,0.39129554655870447,0.07327935222672065,0.055465587044534415
2022-07-25,0.022351332877648667,-0.112987012987013,-0.03718386876281614
2022-07-26,0.06998871149814546,-0.07490727302048056,-0.12578616352201255
2022-07-27,0.06043586789554531,0.15605798771121354,0.181931643625192
2022-07-28,0.1816784769060019,0.017160420046102617,0.12823358661316483
2022-07-29,-0.45903897577181757,-0.20703346568349407,-0.13183696621019367
2022-08-01,-0.18611632270168857,-0.21181988742964356,-0.08424015009380864
2022-08-02,-0.1364285714285714,-0.08183673469387753,0.40632653061224483
2022-08-03,0.026379488304793405,0.21896236755571793,0.30657654366094267
2022-08-04,-0.10841613091759207,0.07200467562828755,-0.06995908825248394
2022-08-05,-0.30424710424710427,-0.5405405405405406,-0.4471042471042472
2022-08-08,0.23393566161575238,0.08321853982659429,0.3857872133538611
2022-08-09,0.00933367902514908,0.016204303863106045,0.05548353642727508
2022-08-10,0.24677871148459385,-0.034453781512605045,-0.010084033613445379
2022-08-11,0.008985540082667788,-0.1711783140118309,-0.07890663349905748
2022-08-12,0.04634146341463416,0.1637630662020906,-0.2109756097560976
2022-08-15,-0.140263644773358,0.08406567992599445,0.04070305272895468
2022-08-16,0.18787878787878784,0.20015246807699635,0.35986277873070316
2022-08-17,0.14391702085830962,0.18300120048019208,0.040384153661464584
2022-08-18,0.08955093871467557,0.009843634313967257,0.0421621151146916
2022-08-19,-0.06554621848739496,0.39859943977591034,0.32745098039215687
2022-08-22,0.0453024453024453,-0.21209781209781212,-0.14543114543114544
2022-08-23,-0.2898326898326899,-0.28803088803088805,-0.3397683397683398
2022-08-24,-0.010077874490910837,0.13777793447364117,-0.03692871491774321
2022-08-25,-0.010905642484589853,-0.138217164532954,-0.1597913703176861
2022-08-26,0.09950738916256155,-0.05221674876847289,0.17536945812807878
2022-08-29,0.2449388209121246,0.11679644048943269,-0.040711902113459396
2022-08-30,0.06184668989547039,0.016027874564459935,0.10871080139372824
2022-08-31,0.13183696621019367,0.1334575804229803,-0.04156875455797747
2022-09-01,0.13887755102040814,-0.012959183673469385,0.11142857142857142
2022-09-02,-0.0625,-0.17279411764705885,-0.1911764705882353
2022-09-06,0.10476410730804811,0.400786308973173,0.15668362627197038
2022-09-07,-0.10266591038003405,-0.2600275504416174,0.09196985657564218
2022-09-08,-0.03186348535185745,0.07052250075505889,-0.18272425249169436
2022-09-09,0.01036096256684492,0.2302807486631016,0.33990641711229946
2022-09-12,-0.1355840208423795,-0.24554928354320452,-0.13417281806339557
2022-09-13,0.12918367346938775,0.14091836734693874,0.1413265306122449
2022-09-14,0.06384408602150538,0.20041282642089095,0.08578149001536098
2022-09-15,0.06732785034671827,0.12570553136590873,0.022818900177390744
2022-09-16,-0.12631578947368421,0.08178137651821864,0.0054655870445344135
2022-09-19,-0.16796148375095743,-0.07582886530254951,-0.1462960936645147
2022-09-20,0.0674042375534913,0.21127230977977252,0.08681765995198833
2022-09-21,0.10275510204081631,0.08081632653061224,0.14020408163265305
2022-09-22,0.14300815463606162,0.08501963153125942,0.19948655995167622
2022-09-23,0.02730734948545499,-0.23377360019447374,0.05372336115387733
2022-09-26,0.012649572649572649,0.15829059829059827,0.2287179487179487
2022-09-27,0.09404872032069073,0.06456984273820536,0.11908726487819919
2022-09-28,0.22481587180096857,-0.06384251269750825,0.13106854186024847
2022-09-29,0.12384716732542818,0.20039525691699603,0.24347826086956517
2022-09-30,-0.0037835676274262514,0.04100402965332678,-0.13599310960041835
2022-10-03,-0.02084942084942085,-0.0435006435006435,-0.14877734877734877
2022-10-04,0.0728744939271255,-0.3949392712550608,0.11234817813765183
2022-10-05,0.11245429697460638,0.0023057412970774595,0.000658783227736417
2022-10-06,0.13066202090592335,0.057839721254355415,-0.23571428571428577
2022-10-07,0.3121212121212122,0.2813131313131314,0.23160173160173164
2022-10-10,0.26386554621848746,0.24285714285714288,0.08711484593837535
2022-10-11,0.030618720253833945,0.1969857218402961,0.05526176626123744
2022-10-12,-0.2417004048582996,-0.020242914979757085,-0.09129554655870445
2022-10-13,0.02444177671068427,-0.005426170468187274,-0.04192076830732293
2022-10-14,-0.3365641711229947,-0.08155080213903744,-0.13536096256684493
2022-10-17,0.16902834008097167,-0.0716599190283401,-0.20161943319838058
2022-10-18,-0.0612392331203112,0.08646846346207282,0.005223673242567381
2022-10-19,0.029236231774571277,0.10322077006371032,0.14406587595376597
2022-10-20,0.034275990600437574,0.11125516570780328,-0.035410420549388213
2022-10-21,-0.09101004759386568,-0.24648334214701212,-0.13347435219460602
2022-10-24,0.0406891495601173,0.16312316715542519,-0.07991202346041056
2022-10-25,0.22067689053410888,0.10163934426229507,0.0011105235325224747
2022-10-26,0.22902265745007686,0.17468317972350234,0.1387768817204301
2022-10-27,-0.1457627118644068,0.266803039158387,-0.04278199883109293
2022-10-28,-0.016020408163265304,-0.04244897959183673,-0.2090816326530612
2022-10-31,-0.02560975609756098,0.06794425087108015,-0.030487804878048783
2022-11-01,0.1431318681318681,0.1578296703296703,0.14331501831501828
2022-11-02,0.24167824395665466,0.19805501528202282,0.09452625729369271
2022-11-03,0.12100703443169195,0.0609107737874861,-0.029692706405035168
2022-11-04,-0.17375565610859728,-0.09366515837104071,0.14063348416289592
2022-11-07,0.0588945937783147,0.001963153125943824,-0.02748414376321353
2022-11-08,0.2476213513949363,-0.10635381390098371,0.14763747782615708
2022-11-09,-0.4940365466681256,-0.3618557829084145,-0.1392931392931393
2022-11-10,0.09459930313588853,0.1360627177700349,0.07177700348432058
2022-11-11,0.016377005347593582,0.08656417112299465,0.07820855614973263
2022-11-14,-0.19131350781946357,-0.05890932663479458,0.1284336763633417
2022-11-15,-0.05572334642102084,-0.020839625490788282,-0.1369676834793114
2022-11-16,0.07837603126356926,0.0035822839774207554,0.18530178028658276
2022-11-17,0.16814658210007047,0.04002818886539817,-0.29189570119802677
2022-11-18,-0.1022328931572629,-0.13757503001200477,-0.020888355342136854
2022-11-21,-0.02035152636447734,-0.14731729879740982,0.0074005550416281225
2022-11-22,-0.3489824236817761,-0.2895467160037003,-0.11505550416281221
2022-11-23,0.15067294014662436,0.40102855892329575,0.34894408578619107
2022-11-25,0.03359683794466403,0.4011857707509882,0.3527667984189723
2022-11-28,-0.16027874564459932,0.2902439024390245,0.1623693379790941
2022-11-29,0.026428571428571426,0.02081632653061224,0.22663265306122446
2022-11-30,-0.11668665020761723,-0.16744897959183672,-0.11948979591836732
2022-12-01,-0.0024051803885291397,0.23502929386370644,-0.02867715078630897
2022-12-02,0.26908487434803224,0.22783309625414885,0.10763394973921289
2022-12-05,0.008644271802166538,-0.13360323886639675,-0.2651274756537914
2022-12-06,0.005011205963083277,0.0573392762710584,-0.1713630983858377
2022-12-07,-0.050531914893617025,-0.04382516188714154,0.029024051803885294
2022-12-08,-0.2748353096179183,0.09249011857707509,0.016600790513833993
2022-12-09,0.20832995705372337,0.19001701644923427,0.1524187667125841
2022-12-12,-0.11726078799249533,0.22457786116322706,0.02983114446529081
2022-12-13,-0.04877680459075808,0.08501963153125942,-0.21821202053760194
2022-12-14,0.02742081447963801,0.06488687782805429,0.045882352941176464
2022-12-15,0.025610859728506786,-0.06624434389140271,0.1118552036199095
2022-12-16,0.22549019607843138,0.08823529411764706,-0.22997198879551825
2022-12-19,-0.026578682175600447,0.17358628979512844,-0.31546146223591975
2022-12-20,0.12137096774193548,-0.054032258064516135,-0.06411290322580646
2022-12-21,-0.08991596638655462,-0.041176470588235294,0.22296918767507
2022-12-22,0.0008403361344537815,0.15294117647058825,-0.34369747899159664
2022-12-23,-0.08311688311688312,-0.18571428571428572,-0.062337662337662345
2022-12-27,0.31130434782608696,0.0826086956521739,-0.23652173913043475
2022-12-28,-0.11179487179487178,-0.035897435897435895,0.002393162393162393
2022-12-29,-0.07822580645161291,-0.1975806451612903,-0.23266129032258068
2022-12-30,0.44155844155844154,-0.34545454545454546,-0.4909090909090909
2023-01-03,-0.20152788388082504,0.02704354469060351,0.04751718869365927
2023-01-04,0.2878048780487806,0.21515679442508714,0.0372822299651568
2023-01-05,-0.15675206252713852,-0.0967216673903604,-0.24359531046461136
2023-01-06,-0.3545966228893059,-0.27973733583489685,-0.18424015009380865
2023-01-09,0.04205493882181347,0.05048213272830403,0.043999675877157446
2023-01-10,0.22121212121212122,-0.0017127799736495386,0.21857707509881422
2023-01-11,-0.08011257035647282,-0.3559099437148218,-0.11669793621013136
2023-01-12,-0.1456108597285068,-0.010135746606334843,0.14850678733031675
2023-01-13,-0.24230769230769236,-0.1896761133603239,-0.07834008097165993
2023-01-17,0.02267064505213941,-0.08148512719554586,-0.0031683533790642596
2023-01-18,0.00020242914979757084,-0.11275303643724698,-0.007287449392712551
2023-01-19,0.08519153802172669,-0.016047265103868873,0.08465789975223935
2023-01-20,0.06960600375234523,0.16998123827392123,-0.1153846153846154
2023-01-23,-0.11551803885291397,-0.08024976873265495,-0.06140148011100833
2023-01-24,0.01892662691210786,0.08322530464091264,0.08523463831993777
2023-01-25,0.06037991858887383,-0.09027057227232821,0.012251576342884509
2023-01-26,0.017825832846288723,-0.17375803623611927,0.006954997077732321
2023-01-27,0.03156146179401993,-0.11144669284204169,0.13440048323769255
2023-01-30,0.12270075020839126,0.056126701861628235,0.10803000833564881
2023-01-31,-0.039404472607585596,0.07213387062044357,0.2089575194561506
2023-02-01,-0.06452488687782805,0.05809954751131221,-0.00669683257918552
2023-02-02,0.04415584415584416,0.027819548872180452,0.04415584415584416
2023-02-03,0.1776006061004305,0.23784700305101322,-0.0069626075517739364
2023-02-06,-0.019795918367346933,0.1720408163265306,0.1413265306122449
2023-02-07,-0.13112244897959183,-0.12173469387755101,-0.003979591836734694
2023-02-08,0.03039357978314693,-0.0218560573721506,-0.030564330231366857
2023-02-09,0.12942103741003896,0.051800341214378834,0.06048029053188839
2023-02-10,0.07567567567567568,0.09884169884169886,0.1402831402831403
2023-02-13,0.07385482734319943,-0.03819591261451726,0.4372093023255813
2023-02-14,-0.04617303782351908,-0.12481203007518796,0.025563909774436094
2023-02-15,0.1971341728180634,-0.015848892748588795,0.1479591836734694
2023-02-16,-0.2021152829190904,0.07102062400846111,0.32490745637228974
2023-02-17,0.1544137022397892,0.026350461133069828,-0.11488801054018445
2023-02-21,0.29995374653098983,0.19067992599444958,0.35730804810360783
2023-02-22,-0.013448180050013895,-0.2177271464295638,-0.025784940261183668
2023-02-23,0.04613807245386193,-0.08810663021189337,0.04511278195488722
2023-02-24,-0.14345114345114346,-0.03184155815734763,0.16752379910274645
2023-02-27,-0.07530612244897958,-0.0026530612244897956,0.19673469387755102
2023-02-28,-0.014242209849580119,0.004521824725460643,0.2899197145405888
2023-03-01,0.16975145425700686,-0.01575885774722369,0.1823373876255949
2023-03-02,-0.057864357864357875,0.1573593073593074,0.2900432900432901
2023-03-03,0.07414242292661745,0.348349978289188,0.3399913156752063
2023-03-06,-0.22305665349143605,0.044532279314888006,0.03359683794466403
2023-03-07,0.017046927663987556,0.02579725175006482,-0.00466683951257454
2023-03-08,-0.10136941900980471,0.05955757231990925,-0.039137833238797506
2023-03-09,-0.18188914910226384,0.1630026944675279,0.2897182140968497
2023-03-10,0.3494547178757705,0.12968231389284018,0.16808914177335227
2023-03-13,-0.26122448979591834,-0.014693877551020407,0.06489795918367347
2023-03-14,0.07035287579883302,0.07863295359822174,0.07941094748541262
2023-03-15,-0.14684538546913684,-0.028771450525057623,0.16178604968838042
2023-03-16,0.3799859055673009,0.43890063424947146,0.03932346723044398
2023-03-17,-0.35319148936170214,0.23268578476719085,-0.16842429848905335
2023-03-20,-0.0952783650458069,0.044679351656095836,-0.05933756166314306
2023-03-21,0.08421052631578947,0.13299595141700404,0.19797570850202434
2023-03-22,0.40544941380807636,0.42401215805471126,0.15686061658706035
2023-03-23,-0.08954703832752615,-0.17874564459930317,-0.24930313588850178
2023-03-24,-0.050286922379945635,0.2570220477197221,-0.22636665659921473
2023-03-27,0.028766825879287885,0.00021710811984368216,-0.018562744246634823
2023-03-28,0.17640034737299176,0.0028224055579678677,-0.006296135475466783
2023-03-29,0.009981851179673323,-0.11005963183821625,-0.07901218563650507
2023-03-30,-0.09440077789482215,-0.06231261648164655,-0.16311482051697593
2023-03-31,0.08912288319583152,0.10204081632653061,0.2359965262700825
2023-04-03,0.06282090003020237,-0.009211718514044096,-0.24207188160676532
2023-04-04,-0.16744186046511625,-0.09316420014094433,-0.13446088794926003
2023-04-05,0.21320017368649585,-0.11778115501519756,-0.10486322188449848
2023-04-06,-0.10550023707918445,-0.016832622095779987,-0.2586533902323376
2023-04-10,0.1636363636363636,-0.28739495798319326,-0.3851795263559969
2023-04-11,-0.03176861071597913,-0.011142721669037459,-0.22925557136083452
2023-04-12,-0.02295379039565086,-0.10465116279069767,-0.2237994563575959
2023-04-13,0.19405374499714118,0.025195349723651606,0.12285115303983227
2023-04-14,-0.06009852216748767,-0.0921182266009852,0.06059113300492609
2023-04-17,-0.00153201096597323,0.05749072730204805,0.1070795033059184
2023-04-18,0.12290345313601127,-0.08132487667371388,0.0551092318534179
2023-04-19,0.03448275862068966,-0.0011018926626912109,-0.13391236712470833
2023-04-20,0.02910798122065728,-0.04252179745137491,0.04285714285714285
2023-04-21,0.16145092460881932,0.057610241820768134,0.033191085822664765
2023-04-24,-0.18643231575701508,-0.20777058279370952,0.07234042553191489
2023-04-25,-0.080327868852459,0.03511369645690111,0.09349550502379692
2023-04-26,-0.014215635111157502,-0.15703997495042274,0.09082559231812964
2023-04-27,-0.17474630632525368,0.21418055628581942,0.10158262789841736
2023-04-28,-0.02997198879551821,0.11400560224089636,-0.11456582633053221
2023-05-01,0.07717920259540681,-0.15777341415521215,0.13830786305814055
2023-05-02,0.19051799824407376,-0.029292042461489348,-0.022707319019873894
2023-05-03,0.04871447903455796,-0.07249995236598532,-0.20053746025102456
2023-05-04,-0.2648655120121319,-0.05207917631095858,-0.14139197062814274
2023-05-05,0.040641381436941106,-0.01868640148011101,0.2028368794326241
2023-05-08,0.05698602985654472,0.031599008957499515,0.09898989898989898
2023-05-09,0.25539112050739954,0.11656095842142354,0.07258632840028188
2023-05-10,0.09917755200774069,0.07369779067892274,0.17827769714562167
2023-05-11,-0.20675422138836774,-0.2078799249530957,-0.13470919324577862
2023-05-12,0.10909289856658277,-0.3323120691541744,-0.13338439654229128
2023-05-15,0.2676958261863922,0.13085572708214216,-0.05485039069944729
2023-05-16,-0.1505402160864346,0.034333733493397356,-0.04153661464585834
2023-05-17,-0.0361451048951049,0.06376748251748252,-0.13977272727272727
2023-05-18,-0.12043970814132106,0.232286866359447,0.19921274961597546
2023-05-19,-0.13031144002466852,-0.24674683934628427,-0.04113475177304964
2023-05-22,0.3295559666975023,0.0037002775208140612,0.0912349676225717
2023-05-23,0.19677572309151253,0.5104314841156946,0.4110953058321479
2023-05-24,-0.2830645161290323,-0.15000000000000002,-0.010483870967741936
2023-05-25,0.04730006835269994,-0.08790157211209844,-0.1359535201640465
2023-05-26,-0.44566544566544564,0.05006105006105006,0.3205128205128205
2023-05-30,0.22577030812324933,0.028011204481792715,0.03165266106442577
2023-05-31,0.20963773069036226,0.12898154477101845,0.06678058783321941
2023-06-01,-0.04956165984804208,0.039392168322618354,-0.09877264757451784
2023-06-02,-0.03908163265306122,-0.05397959183673468,0.1510204081632653
2023-06-05,-0.05366300366300365,0.07527472527472527,-0.06076007326007326
2023-06-06,-0.10931174089068826,-0.27854251012145753,-0.18805668016194332
2023-06-07,0.0347209374036386,-0.06740672217082948,-0.013876040703052728
2023-06-08,0.32180763759711123,0.3108655213918372,0.33909618120144436
2023-06-09,0.23166023166023167,0.12406692406692407,0.08854568854568855
2023-06-12,0.011291689967384673,0.09632034632034635,0.1507936507936508
2023-06-13,0.1318931828050369,-0.2839774207555362,-0.11810681719496308
2023-06-14,-0.1240708976558033,-0.08709738898418141,0.03121783876500857
2023-06-15,-0.008163265306122448,-0.20755102040816326,0.0736734693877551
2023-06-16,-0.08797909407665506,-0.2165505226480837,0.11777003484320561
2023-06-20,-0.0417129316983796,-0.052953902864079055,-0.07245962065058806
2023-06-21,-0.28835525061940154,-0.1858967028778349,0.04372022107871164
2023-06-22,-0.10144927536231883,-0.046245059288537546,0.06205533596837944
2023-06-23,-0.19649947330038087,-0.14463981849120816,0.04724090430273074
2023-06-26,0.17881695248168014,0.06766387147138073,0.027926770919896253
2023-06-27,0.015785764622973927,0.2369274136715997,0.26370683579985904
2023-06-28,0.2661116250385445,0.1097132284921369,0.004625346901017576
2023-06-29,-0.20216853069239304,-0.24101425766242635,-0.02936907709382737
2023-06-30,0.2435819993959529,0.2604953186348535,0.22047719722138326
2023-07-03,0.23533724340175952,-0.005865102639296188,0.022360703812316713
2023-07-05,-0.3271692745376955,-0.37956377430061633,0.01043148411569464
2023-07-06,-0.206733048838312,-0.2892366050260787,-0.1512565196775723
2023-07-07,-0.1562753036437247,-0.2997975708502025,0.0665991902834008
2023-07-10,0.12938689217758984,-0.1361522198731501,0.00042283298097251583
2023-07-11,0.10675395385014261,0.015361680062224527,0.04828882551205601
2023-07-12,0.2916525333650987,0.023003391921060747,-0.1358618563058896
2023-07-13,-0.070613629355535,-0.08418131359851988,0.0016651248843663274
2023-07-14,0.07764876632801161,0.034752459280761164,0.0811965811965812
2023-07-17,0.11233085572708212,-0.004840861444635029,-0.08717362302267963
2023-07-18,-0.3035959809624537,-0.5046536224219988,-0.4765203595980962
2023-07-19,-0.09826839826839828,-0.25028860028860034,-0.43246753246753256
2023-07-20,0.058211572180011696,-0.005026300409117476,0.1343658679135009
2023-07-21,0.22107724014888186,0.1311329170383586,0.33458426897166943
2023-07-24,0.020926243567752998,0.02328949876119687,-0.04311034877072612
2023-07-25,-0.10466847348933082,0.05046379356414856,0.09554529144558536
2023-07-26,-0.17718181233519842,-0.29571033506977945,-0.15978519518940126
2023-07-27,0.011962796461982835,-0.032259084328243356,-0.10670409782897587
2023-07-28,-0.04451075086899014,0.06032175705189333,0.026608016241656162
2023-07-31,-0.024591836734693878,-0.11816326530612245,-0.2598979591836735
2023-08-01,0.17393998406656636,0.3618027542078175,0.3365368808406783
2023-08-02,0.3670886075949367,0.0987585199610516,0.2722492697176242
2023-08-03,0.15174731291339374,0.21316483375136666,0.25808733680622553
2023-08-04,0.16660412757973736,-0.17298311444652908,-0.07073170731707318
2023-08-07,-0.30376965772432934,0.01561054579093432,0.29845050878815915
2023-08-08,-0.14937482634065022,0.05340372325646014,0.18910808557932762
2023-08-09,0.2511691662635059,0.10974036445734557,0.2674568617964844
2023-08-10,-0.2670731707317074,-0.0034843205574912896,0.019686411149825788
2023-08-11,0.31856378915202443,0.2479755538579068,0.4304048892284186
2023-08-14,0.10355466130114016,-0.056740442655935606,0.014218645204560697
2023-08-15,0.025714285714285714,0.061938775510204075,0.12224489795918365
2023-08-16,-0.09918367346938775,-0.004999999999999999,-0.08510204081632654
2023-08-17,-0.15991538868323635,0.06948704389212056,-0.04875727128503437
2023-08-18,0.2757352941176471,0.12399732620320857,0.05581550802139038
2023-08-21,-0.13421052631578947,-0.06356275303643726,-0.027125506072874495
2023-08-22,0.005137038973822634,-0.019286966686148453,-0.04641791503891231
2023-08-23,-0.15782638414217362,0.04853041695146959,0.11114149008885851
2023-08-24,-0.0022651766837813348,0.15931742675928723,-0.16777408637873756
2023-08-25,0.010628068235687153,-0.04494154568233425,-0.03137810621964778
2023-08-28,0.21708127380277126,-0.13961591443156957,-0.03200713070253627
2023-08-29,0.3322851153039832,0.1581196581196581,0.15328172875342685
2023-08-30,-0.1266139657444005,0.15744400527009222,0.23122529644268772
2023-08-31,-0.04532839962997225,0.2362627197039778,0.2664816527906259
2023-09-01,0.2887364208118925,0.05027634838955593,0.13939393939393938
2023-09-05,-0.09003009542935717,0.0991654393942137,0.01784380269771043
2023-09-06,0.23401519579193458,0.15207481005260082,0.09585037989479837
2023-09-07,0.44171952078928817,0.39689922480620154,0.11120507399577165
2023-09-08,0.19488975243921633,-0.10483120877976938,0.060184931971683876
2023-09-11,0.017497177874536366,0.07135945815191097,0.1128850185453959
2023-09-12,0.07908407382091592,-0.2427204374572796,-0.12419685577580314
2023-09-13,0.04688644688644688,-0.10036630036630036,0.14775641025641026
2023-09-14,0.08709677419354837,-0.11560021152829189,0.06345848757271284
2023-09-15,-0.11595494692488455,-0.1811036382789077,0.04027226318774816
2023-09-18,-0.1743877551020408,0.057142857142857134,0.014489795918367345
2023-09-19,0.03046007403490216,0.1602855631940772,0.19169751454257006
2023-09-20,0.03122109158186864,0.02208603145235893,0.11343663274745605
2023-09-21,0.13035430988894764,0.0897408778424114,0.20470650449497618
2023-09-22,-0.06599190283400809,-0.11680161943319839,-0.06295546558704454
2023-09-25,-0.23114543114543115,-0.16962676962676965,0.21106821106821108
2023-09-26,0.06821599453178401,-0.029870129870129873,0.012098427887901572
2023-09-27,0.34492753623188405,0.04967061923583662,0.011594202898550723
2023-09-28,-0.34004951762998376,-0.19380175872961666,-0.1529924016050542
2023-09-29,-0.07203977798334875,0.07527752081406106,0.08094357076780759
2023-10-02,-0.1110699969164354,0.1831020659882824,0.04532839962997225
2023-10-03,0.14909963985594235,0.06641056422569028,-0.060456182472989194
2023-10-04,-0.2140610545790934,-0.13832870798643232,-0.4302806043786617
2023-10-05,0.14683115626511856,0.02443154329946783,0.10151588453475247
2023-10-06,0.18461538461538465,0.5325910931174089,0.05870445344129555
2023-10-09,-0.27787114845938377,-0.15630252100840336,0.09131652661064427
2023-10-10,0.21529859816870595,0.10850012154606595,0.3872457661453691
2023-10-11,0.022672064777327933,0.12388663967611337,-0.11882591093117409
2023-10-12,-0.14595959595959598,-0.3389610389610391,-0.1197691197691198
2023-10-13,0.10046253469010176,0.13043478260869565,0.21665124884366327
2023-10-16,-0.07689814439672638,0.060205818005023906,0.17186613726602384
2023-10-17,0.05664767028675058,0.05199462125792178,0.01741691746570779
2023-10-18,0.27673188789000525,0.19423585404547858,-0.1180327868852459
2023-10-19,0.007655502392344498,-0.09350649350649351,-0.02365003417634997
2023-10-20,-0.16435272045028146,-0.05909943714821765,-0.32120075046904323
2023-10-23,-0.333494597645541,-0.1958555071762619,-0.09925818416384453
2023-10-24,0.34435240676413326,0.303164484482956,-0.25968622361339083
2023-10-25,0.05518240208219638,0.12423911674572855,0.034339448385878005
2023-10-26,0.03063972278603175,-0.018805771319188494,-0.09457830856943586
2023-10-27,0.03762035128733582,-0.09618874773139748,0.06044479990156573
2023-10-30,-0.0711080586080586,0.16249999999999998,0.10576923076923075
2023-10-31,0.29992316229830096,0.08127721335268505,-0.05079825834542815
2023-11-01,-0.09731065182137766,0.12118936450408682,-0.018578378554869886
2023-11-02,-0.1878639828024233,0.03662302130154387,-0.2408637873754153
2023-11-03,0.2567420814479638,0.02171945701357466,-0.025520361990950223
2023-11-06,-0.09696056268116901,-0.01827099776729964,-0.061026719025944386
2023-11-07,0.12462006079027356,0.31024750325662176,0.03918801563178463
2023-11-08,0.13755102040816325,0.01010204081632653,0.030306122448979587
2023-11-09,0.26075062917168174,0.1185031185031185,0.0027355290513185245
2023-11-10,-0.08024193548387097,0.004838709677419356,0.030645161290322586
2023-11-13,-0.28622069754145224,-0.06415094339622641,-0.06255002858776443
2023-11-14,-0.1465599390127692,-0.11621879169048978,0.16752429959977128
2023-11-15,0.2452469089169248,0.0785928332200146,0.0277253154037924
2023-11-16,0.22289377289377285,0.24615384615384614,0.09752747252747253
2023-11-17,0.1661962657403387,0.11702127659574468,0.303951367781155
2023-11-20,0.18322540857230957,0.030280604378661733,-0.19062596361393772
2023-11-21,-0.16742081447963802,-0.030820455903696743,-0.08827798172970203
2023-11-22,0.11726628841644902,-0.08114827158418272,0.055724940255496576
2023-11-24,-0.04962406015037594,0.32481203007518794,0.38646616541353385
2023-11-27,-0.14303135888501745,0.058536585365853676,-0.05487804878048781
2023-11-28,-0.12135306553911204,-0.12825933756166313,0.002536997885835095
2023-11-29,0.06708074534161491,-0.19126781147241506,0.05907928388746803
2023-11-30,0.15885774722369114,-0.044262295081967204,0.10200951877313588
2023-12-01,-0.36326067579612675,0.19147556924074224,0.183858682440645
2023-12-04,0.20132653061224487,0.02071428571428571,-0.02918367346938775
2023-12-05,0.1081447963800905,0.15583710407239815,0.14443438914027149
2023-12-06,-0.028382518948556687,-0.03483309143686502,-0.009837123044670213
2023-12-07,-0.0814155449413808,-0.19669995657837602,-0.08944854537559706
2023-12-08,0.11897233201581027,0.14334650856389985,0.1549407114624506
2023-12-11,0.1449077238550923,-0.10984278879015721,0.1264524948735475
2023-12-12,0.21551020408163266,0.2519387755102041,-0.026428571428571426
2023-12-13,-0.0016390318277110726,0.06613302839717933,0.32273680198208493
2023-12-14,0.23691168693812797,0.019830777366472763,0.35705975674246426
2023-12-15,-0.1160204081632653,-0.20561224489795915,0.1104081632653061
2023-12-18,-0.12887361184558432,-0.04896879957694341,0.020412480169222633
2023-12-19,0.08441558441558443,0.024819624819624825,0.1572871572871573
2023-12-20,0.06750226517668377,0.0664451827242525,0.08879492600422834
2023-12-21,0.13085664335664335,0.12307692307692308,0.14833916083916085
2023-12-22,-0.27563025210084036,-0.12913165266106444,-0.026330532212885158
2023-12-26,0.08854700854700855,0.14735042735042733,-0.14119658119658116
2023-12-27,-0.029160739687055473,0.2171645329540066,0.2780938833570412
2023-12-28,-0.08752117447769624,0.2603049124788256,-0.012987012987012988
2023-12-29,-0.28421052631578947,-0.07192982456140351,0.2596491228070175
2024-01-02,-0.3208695652173913,-0.08086956521739129,-0.050434782608695654
2024-01-03,-0.2582100070472163,-0.3544749823819591,-0.1664552501761804
2024-01-04,0.4836723118061746,0.3370067255489831,0.46438700267401345
2024-01-05,-0.08936170212765958,-0.21073080481036077,0.018316373728029602
2024-01-08,0.11735211787505,0.1420222092343659,0.0698575779015042
2024-01-09,-0.05488595438175269,-0.009171668667466985,-0.07534213685474188
2024-01-10,0.17493748263406503,0.13437065851625454,0.0935815504306752
2024-01-11,0.04730006835269994,0.06541353383458647,0.04483937115516063
2024-01-12,-0.03973295307233602,0.28448275862068967,0.1638579206637283
2024-01-16,0.12473320242465637,0.16315205327413984,0.13796636216170066
2024-01-17,0.3632404181184669,0.1693379790940767,0.24825783972125437
2024-01-18,0.3328759291023441,0.2835525061940156,0.1852105965313512
2024-01-19,0.03287079864323158,0.2732654949121184,0.08751156336725255
2024-01-22,-0.26510386887745374,-0.0035448827901658083,-0.05736611396988755
2024-01-23,0.12272397602778944,-0.021605527350459973,-0.017330228652135737
2024-01-24,0.03823397003022703,0.07887967071837419,0.03218856518104059
2024-01-25,-0.16668563300142245,-0.18978662873399715,-0.11761024182076814
2024-01-26,-0.057466063348416294,0.06425339366515836,0.19619909502262442
2024-01-29,-0.3041130392786821,-0.011269770124869745,0.0452925231154803
2024-01-30,0.12427168967994255,0.295394684332349,0.36028414079335946
2024-01-31,0.07809881075903904,-0.11868465160826883,-0.07758001436666935
2024-02-01,-0.03726002251121149,0.03861493242071009,-0.05373747528156543
2024-02-02,0.12396482540766669,0.2010586527789635,0.12165969435669767
2024-02-05,-0.141042260824475,-0.10649468498833291,0.11790251490795955
2024-02-06,0.0771278880048863,0.15436882085735007,0.1402450662289575
2024-02-07,0.21295978654469216,0.3103106537068801,0.3291404612159329
2024-02-08,0.11784323271665044,0.18797468354430383,0.015165530671859787
2024-02-09,-0.11018237082066869,-0.05167173252279635,-0.16293964394268348
2024-02-12,-0.02152328091273512,-0.24403330249768734,-0.201850138760407
2024-02-13,0.037413226160029234,-0.0035440263061746443,0.06697113628059921
2024-02-14,-0.0804300177434506,-0.03246007723619664,0.1351215948230874
2024-02-15,0.24609497472477265,0.20753746221621971,0.053894141102321706
2024-02-16,-0.019985569985569992,0.06406926406926408,0.07561327561327562
2024-02-20,0.1929664946198933,0.2425859504855218,0.1373983028606421
2024-02-21,0.21351766513056836,0.04701468107073607,-0.11707083679585002
2024-02-22,-0.14329557910120572,0.13006941907197664,0.03229813664596274
2024-02-23,0.02833201278158247,0.026555259437652724,-0.13834333733493398
2024-02-26,-0.16549041400389,0.1269797165879411,0.06540705751597668
2024-02-27,0.3171161642869734,0.2868474729923699,0.2565787816977664
2024-02-28,-0.10455566150912056,0.05712264296041096,-0.01805653818942447
2024-02-29,0.3273469387755102,0.44326530612244897,0.35692677070828327
2024-03-01,0.19835510401548137,0.08176100628930816,-0.01894855668440574
2024-03-04,-0.07929717341482047,0.006264323911382734,0.23941940412528645
2024-03-05,0.12476943346508562,-0.03069828722002635,0.2866930171277997
2024-03-06,-0.015078213191420737,-0.012497984196097402,0.02507660054829866
2024-03-07,0.05689176688251619,-0.06787696577243293,0.22120721554116562
2024-03-08,-0.23993193420306297,-0.04043432460902683,0.009156470302244552
2024-03-11,0.22760695187165775,0.29211229946524064,0.2306149732620321
2024-03-12,0.012235817575083427,-0.1982202447163515,-0.1581757508342603
2024-03-13,-0.14804321728691477,-0.2123889555822329,-0.04201680672268907
2024-03-14,-0.10372340425531915,0.10129509713228493,0.2542784458834413
2024-03-15,-0.14622263336416896,-0.1375886524822695,0.04212149244526673
2024-03-18,0.08847693281127944,-0.006740990407052114,0.04420534093855328
2024-03-19,-0.06578947368421054,0.0391495981332642,0.0528260305937257
2024-03-20,0.25698427382053657,0.13191489361702127,0.0549491211840888
2024-03-21,0.2127601809954751,0.07619909502262442,0.07239819004524886
2024-03-22,0.159153273377152,-0.09930746122055462,0.014460560142642163
2024-03-25,-0.16012145748987855,-0.059109311740890694,0.022469635627530363
2024-03-26,-0.11729982466393923,-0.07662185856224431,-0.22466393921683234
2024-03-27,-0.03282828282828284,0.03246753246753247,-0.07092352092352093
2024-03-28,-0.1735419630156472,-0.06993835941204363,-0.08036984352773825
2024-04-01,0.25234521575985,0.46679174484052544,-0.22457786116322706
2024-04-02,-0.18936877076411962,-0.14172271290819222,0.14561218701888015
2024-04-03,-0.038086303939962485,0.00075046904315197,0.17673545966228899
2024-04-04,0.1656891495601173,0.12536656891495598,-0.1722873900293255
2024-04-05,-0.19099099099099098,-0.28751608751608754,0.012097812097812096
2024-04-08,-0.16749047889149987,0.1845069281257597,0.07787051292439837
2024-04-09,0.413240418118467,0.2815331010452962,0.16027874564459932
2024-04-10,0.14985994397759103,0.10560224089635854,0.13333333333333336
2024-04-11,-0.10165225954699639,0.16336579494474232,0.06904475325527958
2024-04-12,0.14010695187165775,-0.06951871657754011,0.060351413292589765
2024-04-15,0.08469222231708357,0.07128831213181933,-0.20805942115598053
2024-04-16,-0.1590950226244344,-0.23447963800904978,-0.02271493212669683
2024-04-17,-0.10492615043114487,-0.2757619738751814,-0.04874925296678903
2024-04-18,-0.00998179924286142,0.11721745899873962,0.0546709554861309
2024-04-19,0.11548801870251317,0.061133839859731164,0.04172998246639392
2024-04-22,0.04798797409805736,-0.1314754856614246,-0.21056891766882518
2024-04-23,-0.00474898236092266,-0.005706760316066726,-0.07594381035996489
2024-04-24,0.15168375927869598,0.22687439143135346,0.3771544910785417
2024-04-25,-0.12349100175187133,-0.05491320273928969,-0.05986622073578596
2024-04-26,-0.25755297334244703,0.11134654818865346,0.2503075871496924
2024-04-29,0.04833421470121628,0.24769962982548913,0.22950819672131145
2024-04-30,-0.06676299534010043,-0.028443449048152297,-0.09525701694180544
2024-05-01,0.21931760656069657,0.15531031689784347,0.014498329452262834
2024-05-02,0.0972129319955407,0.1852046504220417,0.13334925943621595
2024-05-03,0.010638297872340427,0.04722101606600087,0.04320451584889275
2024-05-06,0.05217785843920146,-0.01134301270417423,-0.04245527612133783
2024-05-07,-0.11850581284543547,-0.332037354678864,0.057442348008385734
2024-05-08,0.018318523581681477,-0.18783321941216677,-0.24483937115516066
2024-05-09,-0.13767106842737095,0.20873949579831932,0.24523409363745496
2024-05-10,-0.2879492600422833,-0.11698379140239604,-0.08442565186751233
2024-05-13,-0.137984496124031,0.0022551092318534175,-0.11881606765327696
2024-05-14,0.154363873208858,-0.08152409900130266,0.20006513243595309
2024-05-15,-0.4262665066026411,-0.06871548619447777,-0.014357743097238897
2024-05-16,-0.16489341611208744,-0.0871809722938373,-0.14588081239116102
2024-05-17,0.11321619556913674,0.20122230710466005,0.04843391902215431
2024-05-20,0.1204502814258912,0.44502814258911827,0.04953095684803002
2024-05-21,0.2701599531479376,0.025306768038031547,0.026582310781883944
2024-05-22,0.20934004951762997,0.21130367967215913,0.28720225390591647
2024-05-23,0.1462450592885375,0.21304347826086956,0.4882740447957839
2024-05-24,0.3101343101343101,0.21001221001221002,-0.05067155067155067
2024-05-28,0.20550038197097018,0.12727272727272726,0.14255156608097783
2024-05-29,0.13069908814589665,0.04971775944420321,0.20212765957446807
2024-05-30,-0.33728029602220166,-0.13327166204131977,0.0120259019426457
2024-05-31,0.04323911382734912,-0.04415584415584415,-0.10588235294117647
2024-06-03,0.19699812382739215,0.2559099437148218,0.2606003752345216
2024-06-04,0.3246525878104825,0.31961921435605645,0.3338439654229128
2024-06-05,-0.017840054682159948,0.40027341079972667,0.2818865345181135
2024-06-06,-0.06271409749670619,-0.061264822134387345,0.028590250329380756
2024-06-07,-0.19452991452991453,0.16307692307692306,0.15623931623931625
2024-06-10,0.21316526610644262,0.004201680672268907,0.13445378151260504
2024-06-11,0.3326206992410901,0.23415414432841744,-0.017380069829946904
2024-06-12,0.04409005628517824,0.11876172607879927,0.023452157598499064
2024-06-13,0.3141554494138081,0.0943334780720799,0.4571211463308727
2024-06-14,-0.15234521575984994,-0.2487804878048781,0.06547842401500939
2024-06-17,-0.16638655462184873,-0.04568372803666921,-0.1367456073338426
2024-06-18,-0.16577306050990262,-0.4281650071123755,-0.21107342159973738
2024-06-20,-0.15504978662873398,-0.26272021008863117,-0.11150016413174307
2024-06-21,-0.5078236130867709,-0.08436371594266331,-0.19444140496772075
2024-06-24,-0.2414678344910903,-0.13606161280579887,0.07837511325883419
2024-06-25,-0.03665608928766823,-0.14104387788598313,0.034029981398402444
2024-06-26,0.12033060529940848,0.18969289360667696,-0.019204278421521757
2024-06-27,-0.0468187274909964,-0.007827130852340937,0.1156782713085234
2024-06-28,0.0740418118466899,0.26916376306620216,-0.005052264808362371
2024-07-01,-0.05335968379446641,-0.04051383399209487,-0.3883399209486166
2024-07-02,0.1731707317073171,-0.0427767354596623,-0.17016885553470923
2024-07-03,-0.14736842105263157,-0.03684210526315789,-0.2157894736842105
2024-07-05,0.42280701754385963,0.47543859649122805,-0.2719298245614035
2024-07-08,0.040734345844380855,-0.014447302591865184,-0.09077134506498712
2024-07-09,0.19643527204502817,-0.19493433395872423,-0.2206378986866792
2024-07-10,-0.2266550522648084,-0.2979094076655053,-0.20958188153310112
2024-07-11,0.07794221282593375,-0.0002818886539816772,-0.013812544045102184
2024-07-12,0.19131350781946357,0.17186613726602384,-0.23085649461145774
2024-07-15,-0.403225806451613,0.010483870967741936,-0.036290322580645164
2024-07-16,-0.1169904409497379,0.14289238359543632,0.020906567992599445
2024-07-17,0.22115633912367125,0.18809955924293495,0.30762250453720513
2024-07-18,-0.21807637597111282,-0.4830944304628515,-0.1281321807637597
2024-07-19,0.02884324977348233,0.11099365750528542,0.0398671096345515
2024-07-22,0.049833887043189376,0.47119358236771747,0.2619722874969614
2024-07-23,-0.10004784568507466,0.0687718768099519,0.28594092316990255
2024-07-24,0.030699740836727135,-0.029159570529433534,-0.03908182154757496
2024-07-25,0.12093386169880478,0.17803048091175983,0.11093490927684733
2024-07-26,-0.06071428571428571,0.24193877551020404,-0.0804081632653061
2024-07-29,-0.21782805429864252,-0.0355656108597285,0.19447963800904977
2024-07-30,0.12232055774301917,0.2863490228660189,0.18966874977422968
2024-07-31,0.12531195489847802,0.09254540636441791,0.17691373591727869
2024-08-01,0.26633063306330634,0.19528352835283527,0.12727272727272726
2024-08-02,0.17185140440954397,0.22244035034732706,-0.08894593778314708
2024-08-05,-0.11551032994141228,-0.11871723712611777,-0.091581868640148
2024-08-06,0.21060833902939166,-0.04935064935064935,0.0696924128503076
2024-08-07,0.2110448535130931,0.27048224008296606,0.0211952294529427
2024-08-08,0.1935908691834943,0.11984196663740125,-0.082328996727592
2024-08-09,-0.3639676113360324,-0.3263157894736842,-0.29777327935222675
2024-08-12,-0.16119174942704353,-0.199694423223835,-0.03682200152788388
2024-08-13,0.0007256894049346878,-0.16634413804225126,-0.2662473794549266
2024-08-14,-0.3061613706973454,-0.22403026854101943,-0.13660832384878036
2024-08-15,0.09126984126984128,0.04531024531024532,0.03535353535353536
2024-08-16,0.21357048748353094,0.3944664031620553,-0.216600790513834
2024-08-19,0.21411290322580648,-0.40161290322580656,-0.23870967741935487
2024-08-20,-0.07715078630897317,0.14264569842738203,0.13327166204131977
2024-08-21,-0.3827404479578393,-0.2992094861660079,-0.13320158102766796
2024-08-22,-0.15870445344129555,-0.02307692307692308,-0.08198380566801619
2024-08-23,-0.027093596059113295,0.07487684729064037,-0.09113300492610836
2024-08-26,0.14690431519699815,0.1703564727954972,-0.03283302063789869
2024-08-27,0.37295183081049055,0.07716973823459697,-0.29268120811715176
2024-08-28,-0.0772068511198946,-0.055072463768115934,-0.08063241106719368
2024-08-29,-0.02160941783583293,0.0050798258345428155,0.03813900983712304
2024-08-30,-0.04703832752613241,-0.01846689895470384,0.33292682926829276
2024-09-03,-0.13930372148859543,0.1057863145258103,0.055750300120048016
2024-09-04,-0.14521851314304143,-0.045476536042573776,-0.07716497339138847
2024-09-05,-0.1501814882032668,-0.03409385532797511,0.006092818252527871
2024-09-06,0.11119691119691119,0.07335907335907337,-0.03346203346203346
2024-09-09,0.09634146341463416,0.14128919860627182,0.1360627177700349
2024-09-10,-0.06355606758832566,0.057315668202764986,0.06355606758832566
2024-09-11,-0.15111989459815545,-0.11080368906455862,0.22173913043478258
2024-09-12,-0.002380952380952381,-0.020923520923520927,0.018470418470418474
2024-09-13,0.057692307692307696,0.03785425101214575,0.37550607287449395
2024-09-16,-0.030662020905923352,-0.17020905923344953,-0.15592334494773522
2024-09-17,-0.12389595656753911,-0.04140669313669882,-0.03135888501742161
2024-09-18,-0.024619761461866726,0.19334719334719333,0.22529817266659374
2024-09-19,0.039348492178680854,0.09208192227060151,0.11659409772617318
2024-09-20,0.0936304177075618,-0.09237950499348675,0.17694311767260093
2024-09-23,-0.07586898395721926,-0.021056149732620322,0.03843582887700535
2024-09-24,0.040024668516805424,-0.0782608695652174,0.06580326857847671
2024-09-25,-0.17321924144310824,-0.006706753006475487,-0.24629972247918594
2024-09-26,-0.07611968744044215,-0.04204307223175147,-0.15845244901848674
2024-09-27,-0.14914104387788596,0.017397964766385818,0.022431338220811906
2024-09-30,-0.2206168380105585,-0.07424284523478746,0.21016949152542377
2024-10-01,-0.09722397591725782,-0.09845054926834751,0.06692039900798263
2024-10-02,0.12422511253663197,0.12600275504416175,-0.03443805202171624
2024-10-03,0.258341042244835,0.2613012642614863,0.42251002158495216
2024-10-04,0.0053475935828877,0.2272727272727273,0.37967914438502676
2024-10-07,-0.00778642936596218,0.06562847608453837,0.08609566184649611
2024-10-08,0.1408033826638478,-0.011416490486257928,0.024947145877378434
2024-10-09,0.05604395604395603,0.16144688644688643,0.09661172161172159
2024-10-10,-0.2224293007049672,-0.2554898306458148,0.23037031034762176
2024-10-11,-0.04171122994652406,0.15721925133689837,0.20397249809014514
2024-10-14,-0.07096774193548387,-0.08830645161290324,0.020967741935483872
2024-10-15,0.15631789594053744,-0.0036973508671621874,0.2408614446350295
2024-10-16,-0.025931280568457966,-0.13857700944353873,0.20120581992678954
2024-10-17,0.14227567067530064,0.12192414431082331,0.38661732963305573
2024-10-18,-0.013532128676768496,-0.03816546471112552,0.3640709829025201
2024-10-21,0.06100903739321707,-0.04135909683022145,0.21580547112462004
2024-10-22,-0.015765488480219345,-0.20985221674876844,-0.31330049261083737
2024-10-23,-0.2998290598290598,-0.05025641025641025,0.12205128205128205
2024-10-24,-0.42217741935483877,-0.3520161290322581,-0.23750000000000004
2024-10-25,0.2676470588235294,0.15882352941176472,-0.7294117647058823
2024-10-28,0.22456140350877193,0.6894736842105263,0.09473684210526316
2024-10-29,0.05080213903743316,-0.07252673796791445,-0.09959893048128343
2024-10-30,0.07438423645320195,0.21231527093596053,0.196551724137931
2024-10-31,0.03870967741935485,0.3491935483870968,0.21532258064516133
2024-11-01,-0.007142857142857141,-0.8178571428571428,-0.475
2024-11-04,0.25013683634373285,0.17898193760262726,0.03557744937055282
2024-11-05,0.30637254901960786,0.32107843137254904,0.21813725490196081
2024-11-06,0.5196078431372549,0.31127450980392163,0.2843137254901961
2024-11-07,-0.1915964547543495,-0.23689681584418426,-0.1003392056023635
2024-11-08,-0.21318681318681318,0.11208791208791209,-0.24835164835164836
2024-11-11,-0.22303921568627455,0.05147058823529412,0.13970588235294118
2024-11-12,0.283797729618163,0.21775025799793604,0.007223942208462332
2024-11-13,0.2333333333333333,-0.33333333333333337,-0.33333333333333337
2024-11-14,-0.12456140350877193,-0.3614035087719299,-0.3929824561403509
2024-11-15,0.11029411764705883,-0.004901960784313726,0.4534313725490197
2024-11-18,-0.2857142857142857,0.32967032967032966,-0.45604395604395603
2024-11-19,-0.25,-0.22058823529411767,-0.4382352941176471
2024-11-20,0.5636363636363637,0.4000000000000001,0.09090909090909091
2024-11-21,-0.027472527472527472,-0.11538461538461539,-0.10989010989010989
2024-11-22,0.005263157894736842,0.1842105263157895,0.28070175438596495
2024-11-25,0.557142857142857,0.2785714285714285,0.30357142857142855
2024-11-26,-0.09999999999999999,-0.10588235294117648,-0.2323529411764706
2024-11-27,-0.6190476190476191,0.19047619047619052,0.6428571428571429
2024-11-29,-0.49999999999999994,-0.49999999999999994,-0.6
2024-12-02,0.6181818181818182,0.1272727272727273,0.3454545454545455
2024-12-03,-0.07857142857142857,-0.15357142857142855,-0.07857142857142857
2024-12-04,0.23219814241486067,0.2982456140350877,0.038183694530443756
2024-12-05,0.47058823529411764,0.40196078431372556,0.21568627450980393
2024-12-06,-0.5588235294117647,-0.1264705882352941,-0.09999999999999999
2024-12-09,-0.42857142857142855,-0.03846153846153846,0.12087912087912088
2024-12-10,-0.2823529411764706,-0.16176470588235295,-0.1647058823529412
2024-12-11,-0.24175824175824176,-0.22527472527472525,-0.09890109890109891
2024-12-12,0.30000000000000004,0.16363636363636366,0.3272727272727273
2024-12-13,0.3168214654282766,0.10835913312693499,-0.21362229102167182
2024-12-16,-0.30977443609022554,0.1263157894736842,0.4526315789473684
2024-12-17,-0.3385964912280702,0.04385964912280702,-0.23508771929824557
2024-12-18,0.15488721804511277,0.015037593984962403,0.3744360902255639
2024-12-19,0.09172932330827067,-0.02706766917293233,-0.09774436090225563
2024-12-20,0.38608695652173913,0.10869565217391304,-0.29130434782608694
2024-12-23,0.21182266009852216,-0.22714833059660647,0.15325670498084293
2024-12-24,-0.09999999999999999,-0.16666666666666669,-0.16666666666666669
2024-12-27,0.6,0.2,-0.4285714285714286
2024-12-30,-0.7833333333333333,0.39999999999999997,-0.08333333333333334
2024-12-31,0.24848484848484845,0.11515151515151514,-0.006060606060606061
2025-01-02,-0.48333333333333334,-0.5333333333333333,-0.11666666666666665
2025-01-03,0.7,0.2333333333333333,0.2833333333333333
2025-01-06,-0.12337662337662336,0.23766233766233766,0.15454545454545454
2025-01-07,0.46459096459096455,0.16361416361416362,0.28327228327228327
2025-01-08,0.26759530791788855,-0.05718475073313783,-0.08907624633431084
2025-01-10,-0.16343582887700536,0.3415775401069519,0.26169786096256686
2025-01-13,-0.1114571746384872,-0.3054505005561735,-0.2053392658509455
2025-01-14,-0.04382516188714154,0.10013876040703053,0.052960222016651244
2025-01-15,-0.06992950328174379,0.39453853010290907,-0.017745725630013778
2025-01-16,0.11298701298701302,0.06479076479076482,-0.041774891774891784
2025-01-17,0.048701822286727946,-0.04217061764231575,0.06184486373165617
2025-01-21,0.08313321898227558,0.22866399847531918,0.32243186582809225
2025-01-22,0.1468900407256572,0.011384672343576456,0.17468838701715417
2025-01-23,-0.10133340049405007,-0.044648140923447016,-0.2192870903335457
2025-01-24,-0.03773755656108597,-0.19493212669683257,-0.12687782805429865
2025-01-27,0.2016326530612245,0.18156062424969985,0.12384153661464585
2025-01-28,-0.17689053410893707,-0.0417239555790587,-0.06879957694341618
2025-01-29,0.16546233925290874,0.09831160878313358,-0.06272417111363836
2025-01-30,-0.009348389485375789,-0.15972479328643716,-0.11538936196470445
2025-01-31,0.14981758832565284,0.04723502304147466,-0.10968701996927804
2025-02-03,-0.009773755656108597,0.22316742081447963,0.07339366515837104
2025-02-04,0.08833435539412236,-0.030161800084909665,0.08006981461389687
2025-02-05,0.11984033468105591,0.000730733748055219,-0.1593547621071419
2025-02-06,0.24549964564138907,0.24183456515136176,0.07767540751240255
2025-02-07,0.05745077384328661,-0.035734543391945546,0.3225832590551819
2025-02-10,-0.00443951165371809,-0.15615128489712282,0.3147784512934346
2025-02-11,-0.0012820512820512818,-0.10338827838827838,0.13017399267399266
2025-02-12,0.20737668017235839,0.04087079554955303,-0.007910476557978005
2025-02-13,0.021782056028631376,-0.026317413303714676,0.03976922127607059
2025-02-14,-0.1658153084843164,-0.22368105994093704,-0.17228030968153885
2025-02-18,-0.16712295056753515,-0.08819096250269157,-0.1772124642406718
2025-02-19,0.007585286830569848,-0.06354107108824089,-0.08481036782923575
2025-02-20,0.11629778672032193,0.01294433266264252,0.2084842387659289
2025-02-21,0.2449197860962567,0.2021390374331551,0.09977081741787625
2025-02-24,-0.03353376503237743,0.028214616096207214,0.06036077705827937
2025-02-25,-0.15020803908844524,0.15845325800664195,-0.0409970607321449
2025-02-26,-0.24776510286822293,-0.15298028254136134,-0.19634358238271513
2025-02-27,0.06958271367334441,-0.2054238474324206,-0.22127547896072083
2025-02-28,0.2555504162812211,0.3221554116558742,0.23901480111008325
2025-03-03,-0.037918552036199094,-0.19049773755656108,-0.07375565610859729
2025-03-04,-0.16559252528764856,-0.3003484536874669,-0.2320762281778106
2025-03-05,-0.005634764791257576,-0.09732775548535813,0.03867497652181337
2025-03-06,0.35775058747265215,0.25224860222024154,0.028279718013126974
2025-03-07,0.11669561441597916,0.03918801563178463,0.013026487190620929
2025-03-10,-0.002898550724637681,0.0696268886833179,-0.04125809435707678
2025-03-11,0.3528957528957529,0.15341055341055343,-0.009009009009009009
2025-03-12,-0.22714078374455732,0.053620383809063046,0.10836961780358007
2025-03-13,0.1070343030829353,0.14090316977854972,0.06372123317412072
2025-03-14,0.17992495309568482,-0.043339587242026266,-0.1709193245778612
2025-03-17,-0.404131976564909,-0.00425531914893617,0.11304347826086955
2025-03-18,-0.04716732542819499,-0.02845849802371541,-0.10263504611330698
2025-03-19,0.05851063829787234,-0.1900781589231437,-0.1445940078158923
2025-03-20,-0.06520408163265307,-0.1833673469387755,0.04826530612244897
2025-03-21,-0.2195855614973262,-0.09959893048128343,0.15441176470588236
2025-03-24,0.28683317915510326,0.07160037002775207,0.19321615787850752
2025-03-25,-0.013389711064129667,0.1095137420718816,0.050035236081747717
2025-03-26,0.11088180112570359,0.07317073170731708,-0.07861163227016886
2025-03-27,0.0003061224489795918,0.05204081632653061,0.16918367346938773
2025-03-28,-0.148582995951417,0.09291497975708501,0.2097165991902834
2025-03-31,-0.10165225954699639,-0.018054491738702265,0.08414487361855782
2025-04-01,-0.07366946778711485,-0.0392156862745098,-0.05322128851540616
2025-04-02,0.05388563049853372,0.15505865102639294,0.06451612903225806
2025-04-03,-0.1070343030829353,-0.18617021276595744,-0.10301780286582718
2025-04-04,-0.3415322580645162,-0.42701612903225805,-0.41330645161290325
2025-04-07,0.07532467532467532,-0.0294881588999236,-0.25500381970970204
2025-04-08,-0.08036437246963564,-0.03785425101214575,0.014170040485829961
2025-04-09,0.27850255246738514,0.26035167328417474,0.18418280528320236
2025-04-10,-0.0665991902834008,-0.21376518218623483,0.28643724696356276
2025-04-11,-0.10863254392666157,-0.21313980137509547,0.0294881588999236
2025-04-14,0.16324041811846693,-0.2588850174216028,0.2630662020905924
2025-04-15,-0.08397959183673467,0.06938775510204082,-0.11551020408163264
2025-04-16,0.022713085234093634,-0.21066026410564226,-0.2329411764705882
2025-04-17,0.11892583120204604,0.16565582754841068,0.1876141761052247
2025-04-21,0.19370952821461607,0.1404255319148936,-0.04717853839037928
2025-04-22,0.016897081413210446,-0.0865015360983103,-0.10695084485407066
2025-04-23,0.07817500851208717,0.19865509022812394,0.14319033026898198
2025-04-24,0.10205510388437218,-0.0649954832881662,0.09516711833785003
2025-04-25,0.25316326530612243,0.10755102040816325,-0.015102040816326528
2025-04-28,-0.0891373565346168,0.0708034061458719,-0.11303961495742315
2025-04-29,0.26073871409028726,0.16550713308579246,-0.0320109439124487
2025-04-30,0.07666825927695493,0.15247650899824813,0.09065137760789935
2025-05-01,0.05250899436964545,0.06843802885566101,0.02219876515701802
2025-05-02,0.2526014865637507,-0.02100247760625119,-0.1664570230607966
2025-05-05,-0.21877890841813136,-0.13945420906567993,-0.006012950971322849
2025-05-06,0.05658381808566896,-0.2957115157009393,-0.20193397295459695
2025-05-07,-0.01743796109993293,-0.008048289738430582,0.092018779342723
2025-05-08,0.12803556543484304,0.1348707974437344,-0.053626007224228965
2025-05-09,-0.06822386679000925,0.06244218316373728,0.05319148936170213
2025-05-12,0.49887429643527215,0.38536585365853665,0.17711069418386496
2025-05-13,0.0021970397779833488,0.006706753006475487,-0.02104532839962997
2025-05-14,0.29334927004183387,0.32784086058225903,0.048834628190898996
2025-05-15,0.14949201741654572,0.07777682916417655,-0.022795184837360198
2025-05-16,0.12153098982423681,0.27717391304347827,0.19993061979648474
2025-05-19,0.3588112858464385,0.00196577243293247,0.3635522664199815
2025-05-20,0.242296918767507,0.19103641456582635,0.3022408963585434
2025-05-21,-0.16566749157154925,-0.24071428571428566,-0.1554081632653061
2025-05-22,-0.28510204081632645,-0.0031632653061224487,0.0546938775510204
2025-05-23,0.3272786956997483,0.02111828427617901,0.26118831381989277
2025-05-27,-0.11083743842364528,-0.18522167487684724,0.23546798029556643
2025-05-28,-0.16052084473137104,0.29007550060181636,0.15723820986978881
2025-05-29,-0.09316420014094433,0.2066243833685694,0.08301620859760393
2025-05-30,-0.08157894736842106,-0.19008097165991905,0.06315789473684211
2025-06-02,-0.2568710359408034,0.1546360616128058,0.09891271519178495
2025-06-03,0.2031164956971245,-0.055113189682010566,0.05587921060663251
2025-06-04,0.07724489795918367,0.1420408163265306,0.1283673469387755
2025-06-05,-0.28842813721233174,-0.20625271385149804,-0.0014112027789839339
2025-06-06,-0.35834896810506567,-0.4294559099437149,0.04652908067542214
2025-06-09,0.2713033313851549,0.018585622443015783,0.006604324956165986
2025-06-10,0.09058823529411764,0.35384615384615387,0.06552036199095022
2025-06-11,0.264754856614246,0.23305581251927227,0.249213691026827
2025-06-12,0.1506787330316742,0.2563800904977375,0.06244343891402715
2025-06-13,0.25695399259650975,0.21771549444738228,-0.0180327868852459
2025-06-16,-0.027586206896551727,0.012098188194038576,0.11858562244301579
2025-06-17,0.08292412681624739,0.08780942308176576,0.03971191861197149
2025-06-18,-0.1815513626834381,0.08839336763865065,0.011092052601486562
2025-06-20,-0.04051803885291397,0.08442799876657416,-0.05174221399938328
2025-06-23,0.07704832480951886,0.006199770378874858,0.00031311971610479075
2025-06-24,0.013767482517482518,-0.05454545454545455,-0.12766608391608392
2025-06-25,-0.22542986425339365,-0.2809954751131222,0.1376470588235294
2025-06-26,-0.21428174492914703,-0.21089191442067243,-0.022283967768824676
2025-06-27,0.09325092419061164,-0.19909700611427048,0.14290097752807612
2025-06-30,0.042395104895104896,0.02242132867132867,-0.022508741258741256
2025-07-01,-0.052508536097696026,0.17961179980928363,0.02420868067304439
2025-07-02,0.29291801465255884,0.07247082176554154,0.07523834063728331
2025-07-03,-0.22655232305688236,-0.2736647850629613,-0.10529743812418584
2025-07-07,-0.01944049312470365,-0.15433854907539118,0.14651493598862017
2025-07-08,0.28648154914139573,0.17866276945560833,0.09919620021921814
2025-07-09,-0.0935125657510228,0.12180011689070719,0.17989479836353012
2025-07-10,0.051420002521712735,0.03035749035787671,0.0773818381671367
2025-07-11,-0.010489402934571965,-0.02020978805869144,-0.03066843028084531
2025-07-14,0.13923962760832875,0.09882218640139086,0.14962166498705745
2025-07-15,-0.07036843753261665,-0.06661100093935916,0.24183279407160008
2025-07-16,0.10004338580186042,0.06320101850101889,-0.039032994545756435
2025-07-17,0.0016096579476861164,-0.27796780684104627,-0.08782696177062373
2025-07-18,0.1173433228713172,0.0255745671762681,-0.06129391515642402
2025-07-21,0.27663497551138,0.19488002634070048,0.16042309750174918
2025-07-22,-0.03718668917046629,0.026374789026878606,0.06514849988664131
2025-07-23,0.27440780579556806,0.18774858441583886,0.05542820196320461
2025-07-24,-0.2383398247322298,0.06197663096397274,-0.032278481012658226
2025-07-25,0.00953026196928636,0.13974706413730803,-0.00853658536585366
2025-07-28,0.2252350981118104,0.3636727138097,-0.03135135135135134
2025-07-29,-0.003149543966389786,-0.06790462027356363,-0.1856195328270691
2025-07-30,0.10221822272215973,0.1420772403449569,0.12423547056617923
2025-07-31,0.0437640607424072,-0.08400707724034494,-0.2109228533933258
2025-08-01,0.10501295816364307,-0.06819696408737504,-0.24753794890781186
2025-08-04,-0.15438349742147212,-0.08075480543834974,-0.20949367088607596
2025-08-05,-0.039955403582151675,-0.02396790764948031,-0.0575645874572762
2025-08-06,0.06347306964022723,0.040987271197138644,0.012689354092152324
2025-08-07,0.029041334249266967,-0.05568062148578439,-0.07568498618098754
2025-08-08,-0.1734756364272592,0.19919517102615694,-0.04445805266380894
2025-08-11,0.1642857142857143,0.13643578643578647,0.21818181818181825
2025-08-12,-0.15034576965764537,-0.01741654571843251,0.28284811747630834
2025-08-13,0.15122036567229463,0.058140145219140925,0.2506342402239524
2025-08-14,-0.1053946053946054,-0.05462958094537042,0.042746726957253275
2025-08-15,-0.05859298928919183,-0.05396786757546252,0.003383641674780915
2025-08-18,-0.3284850230414747,-0.39583333333333337,-0.12226382488479264
2025-08-19,0.0638439331642026,0.08466450879188173,0.30004374070510015
2025-08-20,0.1528419284650914,-0.006718326525938083,0.02744589075084933
2025-08-21,-0.09869215291750504,-0.03155600268276324,0.12528504359490275
2025-08-22,-0.030251071647274953,-0.17410550258070157,0.04260344676756189
2025-08-25,0.10491803278688526,0.13092525701583774,-0.1285912753542651
2025-08-26,-0.04552289815447711,0.005194805194805196,0.009022556390977444
2025-08-27,-0.09224489795918366,0.12520408163265306,0.2457142857142857
2025-08-28,-0.04463379371866253,0.04555661509120552,-0.19154695622750623
2025-08-29,0.15387755102040815,-0.28826530612244894,-0.176734693877551
2025-09-02,0.059264634736332845,-0.10377358490566037,-0.03604257377842283
2025-09-03,-0.05579058699101004,0.010470650449497618,0.01448968799576943
2025-09-04,-0.12712850343733473,0.0978318350079323,-0.03543098889476467
2025-09-05,0.3845975948196115,0.3370721554116559,0.3286308973172988
2025-09-08,0.11099947117927021,0.08810153358011633,-0.30126916975145424
2025-09-09,0.14042789663795502,0.16771325368157824,0.15509863851069747
2025-09-10,-0.21210999471179265,-0.04283447911158117,0.08133262823902697
2025-09-11,0.10396681358568838,0.017565465387606952,0.35461498574021266
2025-09-12,0.053367346938775505,0.04224489795918367,0.05663265306122449
2025-09-15,-0.28385899843533374,-0.012760758418422462,0.05932395137075123
2025-09-16,-0.25359438924605493,-0.15476329631794275,0.07638807714786676
2025-09-17,0.07958393807450412,-0.06595710369295274,-0.02564102564102564
2025-09-18,0.06809440559440559,0.301791958041958,0.2737325174825175
2025-09-19,0.05093586990417929,-0.07758734055972231,0.02080684989774851
2025-09-22,0.0679548415110725,0.05796786799826314,0.1572948328267477
2025-09-23,-0.21607562941566358,0.12425482174167155,0.08720046756282877
2025-09-24,0.285623428178676,0.11592610799559623,0.17519007841728504
2025-09-25,0.21776738749269436,0.18971361776738752,0.12320280537697255
2025-09-26,0.13799530021878292,0.033141560651486913,-0.06685033627744914
2025-09-29,-0.07708942139099943,-0.006954997077732321,-0.27077732320280545
2025-09-30,-0.020065284178187405,-0.19186827956989247,-0.07109254992319508
2025-10-01,-0.31828050369083805,-0.5832609639600521,-0.20864090316977854
2025-10-02,-0.17983193277310922,0.10684273709483794,0.047875150060024005
2025-10-03,0.16327456572465648,0.11440238527352867,0.007583614207933627
2025-10-06,0.12777911164465786,0.24888355342136853,-0.05690276110444177
2025-10-07,0.3182072829131653,-0.10784313725490198,-0.2204481792717087
2025-10-08,0.059025032938076406,-0.2628458498023715,-0.15270092226613965
2025-10-09,-0.21393771199506628,-0.1456059204440333,0.03694110391612704
2025-10-10,-0.1277327935222672,-0.061336032388663975,-0.13076923076923078
2025-10-13,-0.2843856001750738,0.06532443374548638,0.06795054163475216
2025-10-14,0.22091554531168991,-0.10322749258452388,-0.01611568449631807
2025-10-15,0.09533066514198588,0.1284924718886983,0.09937106918238993
2025-10-16,-0.3988742964352721,-0.36078799249530963,-0.22964352720450282
2025-10-17,-0.4890029325513196,-0.09127565982404691,0.16972140762463342
2025-10-20,0.07284660886475974,-0.13912973016773358,0.16019771493395998
2025-10-21,0.16007826759344176,0.07337581641423867,-0.027076337300245185
2025-10-22,0.13119716104790732,0.021313015342866094,0.0762550881953867
2025-10-23,-0.2924488106147191,-0.13082940084512448,-0.02138418374388787
2025-10-24,0.1304533424400239,0.22872022539059167,-0.10313327072483566
2025-10-27,-0.05883699633699632,-0.0336080586080586,0.06057692307692308
2025-10-28,-0.043564331186047155,-0.13084600745371663,-0.03351004313096208
2025-10-29,0.25740609496810773,0.14224967095271845,0.01206844183456515
2025-10-30,-0.12419967444384157,0.02702116115029843,-0.035417797069994574
2025-10-31,0.021751609975195606,0.27828283356941713,-0.015343026230104388
2025-11-03,-0.09465481886534519,-0.20669856459330144,-0.18220095693779906
2025-11-04,0.1863437195715677,0.011903602726387538,0.04235637779941578
2025-11-05,0.1390420712756604,0.004406964410321867,-0.002285526755353096
2025-11-06,0.16818710154626468,0.08041280687541827,0.12458173364798707
2025-11-07,-0.05984990619136961,0.053846153846153856,-0.15384615384615388
2025-11-10,-0.1211840888066605,0.08845975948196115,-0.007631822386679
2025-11-11,0.2530039819746147,-0.09380175487693931,0.15152049059761047
2025-11-12,-0.13020351526364476,0.10730804810360779,-0.1758788159111933
2025-11-13,0.008143946906408522,-0.09846641988365942,-0.13786356425171867
2025-11-14,0.1532329708237791,0.06266657064400868,-0.2059113064532638
2025-11-17,-0.06553911205073995,0.060404711567502274,0.23723950468136515
2025-11-18,-0.11107313738892687,-0.1596719070403281,-0.25700615174299385
2025-11-19,-0.17110729940918618,-0.03853630646083476,-0.05324947589098532
2025-11-20,-0.06137045704472136,-0.15801372309317316,-0.2375494123609551
2025-11-21,0.19698565756421685,0.04335143019204278,-0.14707073981038815
2025-11-24,0.17835832930172552,-0.26552169004999193,-0.2744718593775198
2025-11-25,0.1853658536585366,0.2816135084427768,0.11894934333958726
2025-11-26,-0.01191026827012026,-0.3575393154486587,-0.27520814061054577
2025-11-28,0.24257703081232493,0.041176470588235294,0.10700280112044817
2025-12-01,-0.1413292589763178,0.10527119938884644,0.07135217723453018
2025-12-02,-0.08919268120729065,0.13695661235848464,0.12789841482777534
2025-12-03,0.058170559009125614,0.00856418196057342,-0.17971606452649455
2025-12-04,0.12723754233188195,0.060070956297371386,0.15755523302693114
2025-12-05,-0.05043942484450152,-0.009292135680290097,0.017602175719573922
2025-12-08,-0.20087108013937285,-0.3379790940766551,-0.042682926829268296
2025-12-09,0.12365396712684353,0.05626179268779933,-0.04394976081912779
2025-12-10,0.033263703429493106,-0.1371250281059565,-0.07075714909593898
2025-12-11,-0.14376215615448737,-0.12886913031397612,-0.13009169213670466
2025-12-12,-0.007491289198606273,0.1973867595818816,0.04128919860627179
2025-12-15,-0.19166737812686757,0.07564244856142746,0.24238026124818576
2025-12-16,0.15664350846721667,0.4471341728180634,0.04798089448545375
2025-12-17,0.3252488687782805,0.20868778280542982,-0.062262443438914024
2025-12-18,0.07862328234379051,0.06047446201711174,0.12490277417682137
2025-12-19,0.2050099154576767,0.07759106565076716,-0.06677799812128171
2025-12-22,0.2469627851140456,0.014453781512605042,-0.07995198079231693
2025-12-23,-0.014615384615384615,0.0723076923076923,0.10307692307692308
2025-12-24,0.1456140350877193,0.21403508771929824,0.27543859649122804
2025-12-26,0.18986568986568983,-0.4444444444444444,-0.10195360195360195
2025-12-29,-0.12543926661573718,-0.11627196333078686,-0.3472880061115355
2025-12-30,-0.262904717853839,0.20493370336108543,0.3276595744680851
2025-12-31,0.05058240566494596,0.3563935910591231,0.07323508606451463
